advertiser_id,vvs_base,vvs_post,convs_base,convs_post,spend_base,spend_post,ov_base,ov_post,conv_rate_base,conv_rate_post,delta_conv_rate_rel,roas_base,roas_post,delta_roas_rel,aov_base,aov_post,delta_aov_rel,pp_share_base,pp_share_post,delta_pp_share,is_pp_new_adopter,is_pp_continuing,is_non_adopter
42493,310683,141658,8,2,2342.802589,1204.641923,0,0,2.5749719167125334E-5,1.411851077948298E-5,-0.45170233943723614,0,0,,0,0,,0.0,0.9134817659433283,0.9134817659433283,true,false,false
44418,118161,2157,0,0,1099.822534,18.597497,0,0,0.0,0.0,,0,0,,,,,0.0,0.9082058414464534,0.9082058414464534,true,false,false
38294,172521,94684,0,1,1265.347733,789.362004,0,0,0.0,1.0561446495712052E-5,,0,0,,,0,,0.0,0.8725972709222255,0.8725972709222255,true,false,false
40329,485424,272354,8,0,3412.109401,1607.254018,0,0,1.6480437720425855E-5,0.0,-1.0,0,0,,0,,,0.0,0.866064019621522,0.866064019621522,true,false,false
40295,172321,176146,3,3,1205.21868,1051.215752,0,0,1.7409369722784803E-5,1.703132628614899E-5,-0.02171494101484006,0,0,,0,0,,0.0,0.8643568403483474,0.8643568403483474,true,false,false
40268,1353573,666901,33,15,12134.539212,5657.559206,0,0,2.437991892568779E-5,2.2492094028948826E-5,-0.07743360027132273,0,0,,0,0,,0.0,0.8626962622638142,0.8626962622638142,true,false,false
40157,140645,28372,1,0,1364.195779,254.31732,71.25,0,7.110099896903552E-6,0.0,-1.0,0.052228574,0,-1,71.25,,,0.0,0.8546454250669674,0.8546454250669674,true,false,false
44489,1989068,1302023,255,69,17866.83307,11509.971428,0,0,1.2820074527366586E-4,5.2994455551092415E-5,-0.5866291148466656,0,0,,0,0,,0.0,0.8514250516311924,0.8514250516311924,true,false,false
37129,3733510,369670,8187,361,34087.41886,3391.515777,709330.18,26612.77,0.002192842660124119,9.765466497146104E-4,-0.554666339052645,20.809149056,7.846866047,-0.62291269,86.641038231,73.719584488,-0.149137799,0.0,0.8503746584791841,0.8503746584791841,true,false,false
44553,283338,48998,7,9,2677.17575,453.041813,0,0,2.4705475439228058E-5,1.836809665700641E-4,6.434828243718403,0,0,,0,0,,0.0,0.8502387852565411,0.8502387852565411,true,false,false
39418,5336949,240328,19,1,37650.794671,1553.216862,0,0,3.560086483869342E-6,4.160979994008189E-6,0.16878621147589512,0,0,,0,0,,0.0,0.8497803002563163,0.8497803002563163,true,false,false
44903,156677,36751,208,20,1488.297891,330.846317,30706.1,5264,0.0013275720112077714,5.44202878833229E-4,-0.590076565158876,20.63168952,15.910710591,-0.228821732,147.625480769,263.2,0.782890045,0.0,0.8497455851541454,0.8497455851541454,true,false,false
40696,5278190,1592116,1752,1247,49904.119226,14393.468917,163522.25,102444.75,3.319319691030448E-4,7.83234387444131E-4,1.3596232371368364,3.276728505,7.11744685,1.172119795,93.33461758,82.152967121,-0.119801749,0.0,0.84971258375646,0.84971258375646,true,false,false
45532,6925910,405162,689,28,51243.112181,3612.614403,0,0,9.948151217673923E-5,6.910815920545362E-5,-0.3053165588931157,0,0,,0,0,,0.0,0.8496576677970787,0.8496576677970787,true,false,false
44974,1021842,6428,2,0,9086.09078,59.257552,0,0,1.9572497509399693E-6,0.0,-1.0,0,0,,0,,,0.0,0.8490976975731176,0.8490976975731176,true,false,false
45458,445955,478059,345,2834,4214.708686,4455.897713,0,1248678.69,7.736206567927257E-4,0.005928138577037562,6.662849388761699,0,280.230555194,,0,440.606453776,,0.0,0.8486964998044174,0.8486964998044174,true,false,false
37160,485455,263249,14,20,4333.02812,2343.512049,0,0,2.8838924308123307E-5,7.597369790578502E-5,1.6344151083466332,0,0,,0,0,,0.0,0.8485350371701317,0.8485350371701317,true,false,false
39101,3729673,512405,1077,452,35410.908988,4683.839604,58163.45,23792.53,2.887652617266983E-4,8.821147334627883E-4,2.0547813410384013,1.642529143,5.079706397,2.092612645,54.005060353,52.638340708,-0.025307252,0.0,0.8477259199266205,0.8477259199266205,true,false,false
39024,679118,96844,46,84,6522.018233,919.597424,9757.47,16738.63,6.773491499268168E-5,8.673743339804222E-4,11.805424411828618,1.496081374,18.202127978,11.166536055,212.118913043,199.269404762,-0.06057691,0.0,0.8476518937672959,0.8476518937672959,true,false,false
46192,113024,60557,0,0,1125.518342,567.241246,0,0,0.0,0.0,,0,0,,,,,0.0,0.8466568687352412,0.8466568687352412,true,false,false
46106,1456,5943,0,0,13.838431,54.332698,0,0,0.0,0.0,,0,0,,,,,0.0,0.8462056200572101,0.8462056200572101,true,false,false
44885,355652,5885043,262,6179,3437.258709,60600.502062,0,0,7.366751768582772E-4,0.0010499498474352694,0.42525482114522317,0,0,,0,0,,0.0,0.8461515064545833,0.8461515064545833,true,false,false
39819,304776,46643,0,0,2885.28215,438.939856,0,0,0.0,0.0,,0,0,,,,,0.0,0.8454644855605342,0.8454644855605342,true,false,false
30455,890105,147144,367,217,8658.732651,1411.597956,98448.14,48211.11,4.1231090714016885E-4,0.001474745827216876,2.576781020531001,11.369809413,34.153570282,2.003882391,268.25106267,222.171013825,-0.171779558,0.0,0.8453283857989452,0.8453283857989452,true,false,false
38498,1062173,157679,37,100,9566.350256,1421.108816,3400.65,7178.17,3.4834250164521225E-5,6.341998617444302E-4,17.20621539861261,0.355480398,5.051105108,13.209236674,91.909459459,71.7817,-0.218995516,0.0,0.8452235237412719,0.8452235237412719,true,false,false
39685,483485,165697,1354,130,3750.043052,1608.393639,165058.02,15914.62,0.002800500532591497,7.845645968243239E-4,-0.7198484386295361,44.014966685,9.894729508,-0.775196251,121.904002954,122.420153846,0.004234077,0.0,0.8451209134745952,0.8451209134745952,true,false,false
44119,6458407,763127,1674,1058,63470.358351,6935.463836,214154.27,145050.27,2.591970434814653E-4,0.0013864009529213355,4.348830118968832,3.374083203,20.914285393,5.198509087,127.929671446,137.098553875,0.071671273,0.0,0.8447217828749343,0.8447217828749343,true,false,false
44836,595107,39010,10,0,5676.126587,361.302347,0,0,1.680370084707456E-5,0.0,-1.0,0,0,,0,,,0.0,0.8445526788003076,0.8445526788003076,true,false,false
44351,160771,27721,10,9,1538.456722,248.41596,0,0,6.220027243719327E-5,3.2466361242379423E-4,4.219649363298583,0,0,,0,0,,0.0,0.8440532448324375,0.8440532448324375,true,false,false
40690,74131,9271,4,3,707.628482,85.014425,74.67,87.7,5.395853286749133E-5,3.2358968827526696E-4,4.997006795383454,0.105521473,1.031589639,8.776111058,18.6675,29.233333333,0.566001518,0.0,0.8429511379570704,0.8429511379570704,true,false,false
41067,12185,16200,0,0,117.370592,150.95732,0,0,0.0,0.0,,0,0,,,,,0.0,0.8425308641975309,0.8425308641975309,true,false,false
41987,119992,8375,4,1,1154.455166,80.396314,0,0,3.333555570371358E-5,1.1940298507462687E-4,2.581850746268657,0,0,,0,0,,0.0,0.8422686567164179,0.8422686567164179,true,false,false
43632,75938,12446,3,3,681.044227,111.924283,0,0,3.950591271827017E-5,2.4104129840912743E-4,5.101398039530773,0,0,,0,0,,0.0,0.8421179495420216,0.8421179495420216,true,false,false
42665,13769,25491,0,0,130.27901,234.358619,0,0,0.0,0.0,,0,0,,,,,0.0,0.8419049860735162,0.8419049860735162,true,false,false
45524,251121,8237,527,56,2284.250669,76.127216,0,0,0.0020985899227862264,0.006798591720286512,2.2395999077610425,0,0,,0,0,,0.0,0.841811339079762,0.841811339079762,true,false,false
40108,1944897,1238482,32,9,13668.097373,7405.62042,0,0,1.6453313465957323E-5,7.266960682512947E-6,-0.5583284365457067,0,0,,0,0,,0.0,0.8401946899510853,0.8401946899510853,true,false,false
45835,191982,15559,24,9,1710.482014,135.552074,0,0,1.250117198487358E-4,5.78443344687962E-4,3.6271129249951803,0,0,,0,0,,0.0,0.8395141075904621,0.8395141075904621,true,false,false
45360,76465,11984,0,0,694.834192,110.233532,0,0,0.0,0.0,,0,0,,,,,0.0,0.8386181575433912,0.8386181575433912,true,false,false
36535,117725,14775,11,2,1067.467596,131.126667,0,0,9.343809726056487E-5,1.3536379018612522E-4,0.4487001999692357,0,0,,0,0,,0.0,0.8370896785109984,0.8370896785109984,true,false,false
40327,307774,141834,7,3,2155.308207,839.754734,0,0,2.2743961478227532E-5,2.115148694953255E-5,-0.07001746508493845,0,0,,0,0,,0.0,0.8362804405149682,0.8362804405149682,true,false,false
46562,18648,10170,0,0,179.297354,93.107313,0,0,0.0,0.0,,0,0,,,,,0.0,0.8359882005899705,0.8359882005899705,true,false,false
42792,30634,14165,46,20,288.120103,133.128066,2988.8,1080,0.0015015995299340601,0.0014119308153900459,-0.05971546524655069,10.373451796,8.112489218,-0.217956628,64.973913043,54,-0.168897216,0.0,0.8339569361101306,0.8339569361101306,true,false,false
44223,38724,10513,2,0,350.965065,98.008877,0,0,5.1647557070550566E-5,0.0,-1.0,0,0,,0,,,0.0,0.8339199086844858,0.8339199086844858,true,false,false
43636,89425,15650,112,6,867.237306,141.221251,9182.4,761.7,0.0012524461839530333,3.8338658146964857E-4,-0.6938897763578276,10.588105397,5.393664159,-0.490592136,81.985714286,126.95,0.548440495,0.0,0.8332268370607029,0.8332268370607029,true,false,false
46351,58781,5010,0,0,569.874987,44.634325,0,0,0.0,0.0,,0,0,,,,,0.0,0.8239520958083832,0.8239520958083832,true,false,false
36842,372313,334645,211,868,3816.693842,3040.087465,80674.38,296950.7,5.667274578110353E-4,0.0025937934228809634,3.5767915196828444,21.137241639,97.678340975,3.621148901,382.343033175,342.109101382,-0.105229933,0.0,0.8056836348966816,0.8056836348966816,true,false,false
43656,27993,5030,11,4,283.674061,45.006862,0,0,3.929553817025685E-4,7.952286282306163E-4,1.0237122718236038,0,0,,0,0,,0.0,0.8009940357852883,0.8009940357852883,true,false,false
43655,29625,5030,14,5,287.258208,45.093414,0,0,4.7257383966244727E-4,9.940357852882703E-4,1.103450724226072,0,0,,0,0,,0.0,0.7964214711729622,0.7964214711729622,true,false,false
43367,84063,1920,4,0,678.770552,14.582601,0,0,4.758336009897339E-5,0.0,-1.0,0,0,,0,,,0.0,0.7833333333333333,0.7833333333333333,true,false,false
42538,580625,84015,240,30,5257.704967,770.731659,24712.85,3980.99,4.133476856835307E-4,3.570790930191037E-4,-0.1361289650657621,4.700311287,5.165208868,0.098907828,102.970208333,132.699666667,0.288719027,0.0,0.7822531690769505,0.7822531690769505,true,false,false
32887,6137488,2123257,0,2,59232.432442,19345.75527,0,2000,0.0,9.41949090477507E-7,,0,0.103381852,,,1000,,0.0,0.7782468160943306,0.7782468160943306,true,false,false
30807,2350415,22132148,2711,9113,16466.174419,162467.228077,372525.73,1282975.27,0.0011534133333900608,4.11753978872724E-4,-0.6430126417365793,22.623696344,7.89682501,-0.650948948,137.412663224,140.785171733,0.024542924,0.0,0.7720284538129782,0.7720284538129782,true,false,false
41586,80882,1370208,43,6785,867.244867,13051.748446,792.57,133900.17,5.316386835142554E-4,0.004951802937948107,8.31422616807253,0.913894138,10.259174896,10.225780393,18.431860465,19.734733972,0.070685947,0.0,0.7703115147481259,0.7703115147481259,true,false,false
44587,96400,36312,0,0,677.803455,275.242632,0,0,0.0,0.0,,0,0,,,,,0.0,0.756719541749284,0.756719541749284,true,false,false
41893,107729,25426,204,109,1059.659975,234.817871,0,0,0.0018936405239072117,0.004286950365767325,1.2638670389889612,0,0,,0,0,,0.0,0.7553685204121765,0.7553685204121765,true,false,false
36898,1653746,192021,881,131,15758.727333,1739.595438,11770.62,1870.51,5.327299355523763E-4,6.822170491769129E-4,0.28060580727369233,0.746927068,1.075255752,0.439572614,13.360522134,14.27870229,0.068723374,0.0,0.7523447956213123,0.7523447956213123,true,false,false
33667,11903440,8880052,1707,811,79705.471034,66483.999833,0,0,1.4340392357167339E-4,9.132829402350346E-5,-0.36313950309834087,0,0,,0,0,,0.0,0.7295784979637506,0.7295784979637506,true,false,false
40321,666185,5629,3,0,5200.251387,42.165995,0,0,4.503253600726525E-6,0.0,-1.0,0,0,,0,,,0.0,0.726416770296678,0.726416770296678,true,false,false
42262,101726,45169,0,0,789.053316,318.757603,0,0,0.0,0.0,,0,0,,,,,0.0,0.720383448825522,0.720383448825522,true,false,false
36426,2139506,1025002,18482,10215,14527.438059,7145.174071,0,0,0.008638442705933051,0.009965834213006414,0.15366097249932387,0,0,,0,0,,0.0,0.715618115867091,0.715618115867091,true,false,false
38101,2033649,278013,3034,1455,19322.277709,2559.326164,129.85,0,0.0014918995362523228,0.005233568214436016,2.507989705247063,0.006720222,0,-1,0.042798286,0,-1,0.0,0.7109523655368634,0.7109523655368634,true,false,false
40001,108006,52379,421,177,787.417945,357.732403,0,0,0.003897931596392793,0.003379216861719391,-0.13307435542312462,0,0,,0,0,,0.0,0.7025525496859428,0.7025525496859428,true,false,false
46428,53946,26042,0,0,519.236598,234.472744,0,0,0.0,0.0,,0,0,,,,,0.0,0.6928423316181553,0.6928423316181553,true,false,false
38792,1408320,434697,45,8,13301.47705,3801.626783,0,0,3.195296523517383E-5,1.840362367350131E-5,-0.42404019351410305,0,0,,0,0,,0.0,0.6898782370248702,0.6898782370248702,true,false,false
41100,48354,1452,0,0,503.332283,13.24233,0,0,0.0,0.0,,0,0,,,,,0.0,0.6790633608815427,0.6790633608815427,true,false,false
40521,7806986,10692015,3490,2314,74319.037535,104321.680101,20109323.16,14421793.16,4.470355140895603E-4,2.1642319057726725E-4,-0.5158702524607286,270.581049311,138.243490193,-0.489086577,5761.983713467,6232.408452895,0.081642844,0.0,0.6707005180969162,0.6707005180969162,true,false,false
38299,163949,113226,0,2,1207.67845,738.515886,0,0,0.0,1.7663787469309168E-5,,0,0,,,0,,0.0,0.6681857523890272,0.6681857523890272,true,false,false
38884,2062335,1535720,1100,152,18976.82748,13478.566823,179841.03,37231.02,5.333760034136064E-4,9.897637590185711E-5,-0.8144341416404032,9.476875426,2.762238782,-0.708528533,163.491845455,244.940921053,0.498184331,0.0,0.6517750631625556,0.6517750631625556,true,false,false
33644,881103,984199,197,279,6692.468522,8990.636453,20166.98,48705.95,2.2358339490388752E-4,2.834792557196258E-4,0.2678904703163931,3.013384364,5.417408462,0.797782097,102.370456853,174.573297491,0.705309352,0.0,0.6240242064866963,0.6240242064866963,true,false,false
34185,36461981,5294527,828,20,330309.23901,46865.284173,155803,3442.25,2.2708585142425477E-5,3.7774856941894904E-6,-0.8336538507133949,0.47168829,0.073449891,-0.844282988,188.167874396,172.1125,-0.085324737,0.0,0.6198483830566923,0.6198483830566923,true,false,false
46616,76710,48664,0,1,697.294676,450.842936,0,0,0.0,2.0549071181982576E-5,,0,0,,,0,,0.0,0.6177461778727602,0.6177461778727602,true,false,false
42834,369353,34861,0,10,3584.913972,329.273516,0,0,0.0,2.8685350391555035E-4,,0,0,,,0,,0.0,0.6175669085797884,0.6175669085797884,true,false,false
33617,27915503,4276286,1006,153,254804.196871,37886.920153,161962.95,25185.62,3.6037323060236454E-5,3.577871077846524E-5,-0.007176234520498204,0.635636901,0.66475765,0.045813497,160.996968191,164.611895425,0.022453387,0.0,0.6153101078833362,0.6153101078833362,true,false,false
44342,171818,50646,3,2,1667.226602,455.538155,0,0,1.7460335936863426E-5,3.9489791888796745E-5,1.261685687583093,0,0,,0,0,,0.0,0.6064249891403072,0.6064249891403072,true,false,false
44246,98934,50204,3,2,873.110362,459.808435,0,0,3.0323245800230458E-5,3.9837463150346584E-5,0.3137598597721296,0,0,,0,0,,0.0,0.6031790295593976,0.6031790295593976,true,false,false
46470,156168,50048,5,4,1439.707122,462.952495,0,0,3.201680241790892E-5,7.992327365728901E-5,1.4962915601023021,0,0,,0,0,,0.0,0.6008232097186701,0.6008232097186701,true,false,false
36794,3306563,592596,5049,2549,30567.890228,5396.32145,503476.36,279921.62,0.0015269631941082025,0.00430141276687659,1.816972133626809,16.470759226,51.872673375,2.149379617,99.718035255,109.81624951,0.101267682,0.0,0.5769596824818257,0.5769596824818257,true,false,false
38363,3087860,433517,1121,514,30328.136965,3868.58761,206040.15,92975.42,3.630345935372718E-4,0.0011856513124052805,2.265945817594799,6.793696238,24.033427538,2.537607025,183.800312221,180.886031128,-0.015855692,0.0,0.570097597095385,0.570097597095385,true,false,false
44245,51609,50102,0,0,480.177155,455.283134,0,0,0.0,0.0,,0,0,,,,,0.0,0.5677218474312403,0.5677218474312403,true,false,false
39549,1339279,227805,2091,1202,12559.610316,2082.988229,957859.25,488281.18,0.0015612878272563073,0.0052764425714975525,2.379545064903238,76.265045324,234.413797064,2.073672822,458.086681014,406.223943428,-0.113215991,0.0,0.5595048396655034,0.5595048396655034,true,false,false
36566,1572190,247326,165,68,14150.998551,1977.044363,0,0,1.0494914736768457E-4,2.749407664378189E-4,1.6197522641568152,0,0,,0,0,,0.0,0.5592861243864373,0.5592861243864373,true,false,false
43316,130575,83775,641,775,1295.767385,763.82889,124044.72,86772.28,0.004909056098027953,0.00925096985974336,0.8844701863275963,95.730700924,113.601725643,0.186680182,193.5175039,111.964232258,-0.421425814,0.0,0.5565741569680692,0.5565741569680692,true,false,false
41136,247407,71448,65,14,2155.193119,538.18382,5666,1052.77,2.627249835291645E-4,1.9594670249692083E-4,-0.25417560269760475,2.628998743,1.956153197,-0.255932243,87.169230769,75.197857143,-0.137334855,0.0,0.5561667226514388,0.5561667226514388,true,false,false
31677,189171,14528,0,2,1591.884008,82.98043,0,0,0.0,1.3766519823788548E-4,,0,0,,,0,,0.0,0.5481139867841409,0.5481139867841409,true,false,false
35790,570630,137564,5,1,4402.773305,812.183928,0,0,8.762245237719714E-6,7.269343723648629E-6,-0.17037887819487663,0,0,,0,0,,0.0,0.5463784129568783,0.5463784129568783,true,false,false
35849,1931246,382141,169,8,18256.718802,3506.125097,0,0,8.750827186179285E-5,2.0934681177889837E-5,-0.7607691166504436,0,0,,0,0,,0.0,0.538421682049296,0.538421682049296,true,false,false
34611,16570897,31311012,5727,36219,144415.077893,241335.475253,2483914.92,14118713.54,3.456059137897001E-4,0.0011567495806267777,2.3470190597799068,17.199830906,58.502437427,2.40133794,433.720083814,389.815111958,-0.101228819,0.05157155946355831,0.5787736276297937,0.5272020681662354,false,true,false
33760,2885247,29177290,161,1897,21062.835735,283390.222378,49038.2,620227.13,5.58011151211664E-5,6.501631919893863E-5,0.16514372620981432,2.328186034,2.188597492,-0.059955923,304.585093168,326.951570901,0.073432608,0.0,0.5271616041105942,0.5271616041105942,true,false,false
30828,453669,82851,1099,257,4236.509855,755.72825,120345.66,28172.73,0.0024224710085987804,0.0031019541103909426,0.28049173731296495,28.406793356,37.278916065,0.312323978,109.504695177,109.62151751,0.001066825,0.0,0.522286997139443,0.522286997139443,true,false,false
38288,315195,211420,4,1,2410.658293,1490.253725,0,0,1.2690556639540602E-5,4.729921483303377E-6,-0.627288099517548,0,0,,0,0,,0.0,0.5217670986661621,0.5217670986661621,true,false,false
46830,22606,70393,0,431,210.188212,393.014377,0,20742,0.0,0.006122767888852585,,0,52.77669524,,,48.125290023,,0.0,0.5187163496370377,0.5187163496370377,true,false,false
40562,276257,171927,7,6,2003.943464,1191.28896,0,0,2.5338724448611255E-5,3.4898532516707674E-5,0.377280556781159,0,0,,0,0,,0.0,0.5178302419049946,0.5178302419049946,true,false,false
38290,304123,214018,3,0,2406.893787,1478.481036,0,0,9.864429852395248E-6,0.0,-1.0,0,0,,0,,,0.0,0.5153678662542402,0.5153678662542402,true,false,false
40973,195033,95514,19,8,1279.794222,630.974693,13137.09,2358.08,9.741941107402337E-5,8.37573549427309E-5,-0.14023956807654547,10.265001806,3.737202183,-0.635927762,691.425789474,294.76,-0.5736925,0.0,0.5127415876206629,0.5127415876206629,true,false,false
31901,5484262,4014349,517,3316,53571.090221,28571.09535,223667.08,1428737.29,9.426974860063214E-5,8.260367994910258E-4,7.762480135493718,4.175145196,50.006388362,10.977161515,432.624912959,430.861667672,-0.004075691,0.0,0.5075054510706468,0.5075054510706468,true,false,false
37443,305153,16305,7,0,2864.594901,94.54431,350,0,2.293931241049572E-5,0.0,-1.0,0.122181325,0,-1,50,,,0.0,0.5073903710518246,0.5073903710518246,true,false,false
34671,1161451,261492,1657,505,8847.357305,1433.677809,694104.85,205033.3,0.0014266637163341373,0.001931225429458645,0.35366548356679095,78.453353479,143.012118004,0.822893626,418.892486421,406.006534653,-0.030761955,0.0,0.5024666146574274,0.5024666146574274,true,false,false
34468,3326252,834635,1526,298,24610.853982,5703.343952,0,0,4.5877462080443695E-4,3.5704229992751323E-4,-0.22174792646232588,0,0,,0,0,,0.0,0.4922990289168319,0.4922990289168319,true,false,false
40279,977123,174683,229,109,9041.369968,1646.713455,0,0,2.3436148775537983E-4,6.239874515551027E-4,1.6624999590649634,0,0,,0,0,,0.0,0.4872426051762335,0.4872426051762335,true,false,false
40938,117869,36577,4,23,1101.908933,331.069034,0,1418.23,3.393597977415605E-5,6.288104546572983E-4,17.529314870000274,0,4.283789344,,0,61.662173913,,0.0,0.4800284331683845,0.4800284331683845,true,false,false
34439,1091335,329665,11,2,7387.575521,1717.741513,0,0,1.007939816829846E-5,6.066764746030061E-6,-0.3981024814446621,0,0,,0,0,,0.0,0.4770752127159389,0.4770752127159389,true,false,false
36212,555952,435925,2492,3068,5044.235569,3982.931881,394248.49,552968.27,0.004482401358390653,0.007037907897000631,0.5701199723729111,78.158223304,138.834478349,0.776325926,158.205654093,180.237376141,0.139260017,0.0,0.4687710041865,0.4687710041865,true,false,false
36420,5343697,434635,325,70,50534.824953,3988.529524,42223.5,9684.3,6.0819316664099776E-5,1.6105467806320245E-4,1.6480843076993872,0.835532725,2.428037687,1.90597557,129.918461538,138.347142857,0.064876702,0.0,0.46816754288080803,0.46816754288080803,true,false,false
44629,31589,21876,0,0,309.030595,205.723788,0,0,0.0,0.0,,0,0,,,,,0.0,0.4631102578167855,0.4631102578167855,true,false,false
36313,774459,206775,61,89,5348.002374,1150.334315,5502.11,8911.63,7.876466023378901E-5,4.3041953814532705E-4,4.464627624467079,1.028815923,7.746991361,6.530007252,90.19852459,100.130674157,0.110114324,0.0,0.4479796880667392,0.4479796880667392,true,false,false
46683,797734,379749,49,147,5902.637358,2060.209573,16334.41,37177,6.142398343307418E-5,3.870977935425768E-4,5.302062678242734,2.767307054,18.045251555,5.520870725,333.355306122,252.904761905,-0.241335724,0.0,0.4469926188087395,0.4469926188087395,true,false,false
42097,24414739,8492623,6380,2645,149949.082496,51463.755507,491320.8,227462.91,2.6131755903677695E-4,3.114467697435763E-4,0.19183253850823068,3.276584237,4.419866132,0.348924921,77.009529781,85.997319471,0.116710097,0.0,0.4444386616478796,0.4444386616478796,true,false,false
35484,747756,1086657,75,162,5683.522368,9408.858668,12620.17,26911.58,1.0030009789289554E-4,1.4908108078262047E-4,0.4863503018891886,2.220483915,2.860238521,0.288114947,168.268933333,166.120864198,-0.012765691,0.0,0.44070852164022317,0.44070852164022317,true,false,false
40159,2327224,403535,1462,445,22703.863353,3703.28923,154930.91,57801.03,6.282162782783265E-4,0.0011027544079200069,0.7553738195740287,6.823988834,15.608024761,1.287228942,105.971894665,129.889955056,0.225701923,0.0,0.44054666881435317,0.44054666881435317,true,false,false
37509,314532,2177149,33,22,2741.049256,18991.924253,3087.74,3357.6,1.0491778261035444E-4,1.0104958365274953E-5,-0.9036868859228284,1.126481034,0.176790933,-0.843059113,93.567878788,152.618181818,0.631095882,0.0,0.4373003409504816,0.4373003409504816,true,false,false
46189,44422,29794,0,5,397.097231,205.511683,0,0,0.0,1.6781902396455662E-4,,0,0,,,0,,0.0,0.43643015372222593,0.43643015372222593,true,false,false
39392,474558,1440053,200,488,3559.895907,12188.632895,55386.44,118271.14,4.2144479705325796E-4,3.388764163541203E-4,-0.19591742803910683,15.558443687,9.703396683,-0.376326008,276.9322,242.358893443,-0.124843939,0.0,0.42691206504205054,0.42691206504205054,true,false,false
38799,151385,319284,7,2,1417.874849,2940.33577,0,0,4.623971991941078E-5,6.264015735207527E-6,-0.8645317111322298,0,0,,0,0,,0.0,0.423619724132747,0.423619724132747,true,false,false
45474,122575,118138,2,6,1088.032235,1025.335592,0,0,1.6316540893330614E-5,5.078806141969561E-5,2.112673314259595,0,0,,0,0,,0.0,0.4214731923682473,0.4214731923682473,true,false,false
38893,3651035,1503986,1145,414,21342.014823,6893.913672,280776.25,111392.5,3.136097024542356E-4,2.7526851978675336E-4,-0.12225764179945064,13.156032939,16.158093254,0.228188872,245.219432314,269.064009662,0.097237715,0.0,0.4177711760614793,0.4177711760614793,true,false,false
36582,295127,55204,10,7,2742.745676,507.340545,0,0,3.388371785705815E-5,1.2680240562278097E-4,2.742281356423448,0,0,,0,0,,0.0,0.41353887399463807,0.41353887399463807,true,false,false
46939,138887,46297,0,0,1311.538115,427.820981,0,0,0.0,0.0,,0,0,,,,,0.0,0.39985312223254205,0.39985312223254205,true,false,false
38296,372525,257390,7,4,3056.543419,1895.511188,0,0,1.8790685188913496E-5,1.5540619293678852E-5,-0.1729615425174693,0,0,,0,0,,0.0,0.3992812463576674,0.3992812463576674,true,false,false
32127,5020686,804679,4969,2532,36130.127145,4159.787779,576664.28,259725.77,9.897053908569466E-4,0.003146596344629349,2.1793262658747734,15.960759775,62.437264543,2.91192308,116.052380761,102.577318325,-0.1161119,0.0,0.39875900825049493,0.39875900825049493,true,false,false
30238,1951092,591825,3541,3490,18880.893623,5311.111827,735297.66,709988.08,0.001814881102480047,0.005897013475267182,2.2492560902247947,38.944007348,133.679745998,2.43261403,207.652544479,203.434979943,-0.020310681,0.0,0.37850716005575974,0.37850716005575974,true,false,false
33739,512734,345073,172,81,3250.648129,2016.041715,0,0,3.354565915269906E-4,2.3473294056619904E-4,-0.30025837471936345,0,0,,0,0,,0.0,0.3752800132145952,0.3752800132145952,true,false,false
39207,2135642,2761421,953,617,20307.402343,24719.021454,652513.9,402687.41,4.462358391528168E-4,2.2343568764053E-4,-0.4992878921049352,32.131825084,16.290588636,-0.493007677,684.694543547,652.653824959,-0.046795639,0.0,0.36239892432193427,0.36239892432193427,true,false,false
44617,1046152,475794,245,77,6699.650745,3452.182142,12223.51,4879.51,2.3419158974986425E-4,1.6183474360752763E-4,-0.3089643236959092,1.824499584,1.413456706,-0.225290749,49.891877551,63.37025974,0.270151833,0.0,0.3581108631046209,0.3581108631046209,true,false,false
32233,1825622,497920,143,31,14168.31505,3209.979322,0,0,7.832946798406242E-5,6.225899742930591E-5,-0.20516506709871107,0,0,,0,0,,0.0,0.350455896529563,0.350455896529563,true,false,false
35215,2616345,2265374,2054,813,17953.245488,14825.188771,0,0,7.85064660814992E-4,3.5888113839039384E-4,-0.5428642297848029,0,0,,0,0,,0.0,0.34734264629151745,0.34734264629151745,true,false,false
33684,3706472,795334,11650,5294,29255.047198,5019.453514,1855504,1050747.82,0.00314315068345316,0.006656323003920365,1.1177231619731094,63.425089949,209.335103327,2.300509365,159.270729614,198.478998867,0.246173728,0.0,0.31907349616639047,0.31907349616639047,true,false,false
33243,1229988,933129,40,448,9177.140769,8253.275913,5640.33,74319.15,3.252064247781279E-5,4.8010510872558885E-4,13.76308806177924,0.61460646,9.004806186,13.651336704,141.00825,165.890959821,0.176462794,0.0,0.3047617210482152,0.3047617210482152,true,false,false
34472,3519167,174965,1071,172,25916.92794,1014.994233,0,0,3.043333834398879E-4,9.830537536078645E-4,2.2301870484807913,0,0,,0,0,,0.0,0.303374960706427,0.303374960706427,true,false,false
38298,169010,108168,2,0,1213.796868,756.622032,0,0,1.1833619312466717E-5,0.0,-1.0,0,0,,0,,,0.0,0.2992197322683233,0.2992197322683233,true,false,false
39334,16265,56490,0,420,150.324125,499.787318,0,17117.26,0.0,0.007434944237918215,,0,34.249088329,,,40.755380952,,0.0,0.29771640998406795,0.29771640998406795,true,false,false
32404,58431518,14414926,23291,9946,407510.765338,102395.146448,0,0,3.986033701879866E-4,6.899792617735256E-4,0.7309920421599103,0,0,,0,0,,0.0,0.29321406159143654,0.29321406159143654,true,false,false
38034,4264330,1226930,97766,34127,39979.231168,11122.025243,0,0,0.022926462070243157,0.02781495276829159,0.21322481781405478,0,0,,0,0,,0.0,0.29197998255809215,0.29197998255809215,true,false,false
44108,216698,47962,79,182,1895.395984,273.270861,24528.25,54438.8,3.6456266324562294E-4,0.0037946707810349862,9.408829986186323,12.94096337,199.211872795,14.393898205,310.484177215,299.114285714,-0.036619874,0.0,0.28947917101038323,0.28947917101038323,true,false,false
38571,129122,21014,0,0,1204.202431,197.000149,0,0,0.0,0.0,,0,0,,,,,0.0,0.28852193775578183,0.28852193775578183,true,false,false
34077,1141032,1104258,335,914,6638.127917,5961.67857,15007.94,46461.26,2.9359386940944687E-4,8.277051196368965E-4,1.8192179942373952,2.260869358,7.793318518,2.447045045,44.799820896,50.832888403,0.134667224,0.0,0.2869374729456341,0.2869374729456341,true,false,false
35832,1150207,416331,3983,2136,10273.260377,3657.977606,358302.28,188776.38,0.003462854946979109,0.005130533157511692,0.4815905477032514,34.877173054,51.606762078,0.479671589,89.957891037,88.378455056,-0.017557503,0.0,0.28352921113248836,0.28352921113248836,true,false,false
37234,2667126,741637,1046,345,17407.223648,3650.429834,300436.86,138983.5,3.921824465735777E-4,4.6518714681171517E-4,0.1861498414219338,17.259320962,38.07318763,1.205949337,287.224531549,402.850724638,0.40256378,0.0,0.2823780366945015,0.2823780366945015,true,false,false
33736,515511,357317,1027,774,3230.637915,2017.970729,0,0,0.0019921980326316996,0.00216614378828883,0.08731348631408276,0,0,,0,0,,0.0,0.2763736402130321,0.2763736402130321,true,false,false
33467,9722319,4495841,2049,790,76977.391527,44414.236221,370579.73,174900.31,2.1075218782679319E-4,1.7571795799718005E-4,-0.1662342402746777,4.814137277,3.937933529,-0.18200639,180.858823816,221.392797468,0.224119414,0.0,0.27568212487941635,0.27568212487941635,true,false,false
38952,733116,508583,26,11,4729.860906,3112.30003,0,0,3.546505600750768E-5,2.1628721368980087E-5,-0.3901399348022613,0,0,,0,0,,0.0,0.26974161542953656,0.26974161542953656,true,false,false
32741,855406,133025,253,89,5665.177353,768.180505,65405.32,20993.74,2.957659871452854E-4,6.690471715842886E-4,1.2620828650443872,11.545149591,27.329175712,1.367156484,258.519051383,235.884719101,-0.087553827,0.009767291788928299,0.277872580342041,0.26810528855311266,true,false,false
33021,1465014,526512,848,230,9160.93231,2399.784711,241866.44,87256.95,5.78834058923669E-4,4.368371471115568E-4,-0.24531540537913876,26.401945983,36.360324157,0.377183492,285.219858491,379.378043478,0.330124927,0.0,0.2643054669219315,0.2643054669219315,true,false,false
41417,918479,733369,1835,4945,8782.644885,6526.601817,0,0,0.001997868214733271,0.006742853870289036,2.375024348735261,0,0,,0,0,,0.0,0.26265904340107094,0.26265904340107094,true,false,false
38534,305558,61868,52,60,2938.936348,555.411968,12440.3,17858.5,1.7018045673816427E-4,9.6980668520075E-4,4.6986959830109765,4.232925973,32.153610345,6.596071972,239.236538462,297.641666667,0.244131304,0.0,0.25803323204241285,0.25803323204241285,true,false,false
36937,677386,205818,111,187,6079.304592,1955.028026,42598.94,66116.99,1.638652112680215E-4,9.085697072170559E-4,4.544616213449843,7.007206064,33.818947412,3.826309816,383.774234234,353.566791444,-0.078711493,0.0,0.25614377751217093,0.25614377751217093,true,false,false
37316,2655446,674499,997,630,19728.27308,4314.363528,0,0,3.7545482001893465E-4,9.340265886235562E-4,1.4877203296429968,0,0,,0,0,,0.0,0.25575130578399674,0.25575130578399674,true,false,false
32595,1977118,528569,128,103,12383.144233,2487.000857,58887.42,40427.44,6.474069832958882E-5,1.9486576019403333E-4,2.0099422036195844,4.755449738,16.255499023,2.418288473,460.05796875,392.499417476,-0.14684791,0.0,0.25246467348633767,0.25246467348633767,true,false,false
38957,187911,36866,4,10,1826.130345,328.68302,0,0,2.1286672946235187E-5,2.7125264471328594E-4,11.742838930179568,0,0,,0,0,,0.0,0.24974230998752237,0.24974230998752237,true,false,false
38419,1220016,200283,604,194,11458.268937,1844.298662,0,0,4.950754744200076E-4,9.686293894139792E-4,0.9565287303895451,0,0,,0,0,,0.0,0.24067444565939197,0.24067444565939197,true,false,false
37336,7521135,3520997,340,90,71656.855117,32527.266115,152753.86,49446.64,4.520594298599879E-5,2.5560941971833545E-5,-0.43456677853727554,2.131741056,1.520159728,-0.286892879,449.276058824,549.407111111,0.222871997,0.0,0.23905501765551065,0.23905501765551065,true,false,false
34838,25337004,12709590,2310,816,186916.731374,96416.114622,0,0,9.11710003282156E-5,6.420348728794556E-5,-0.295790470030898,0,0,,0,0,,0.0,0.2302267028283367,0.2302267028283367,true,false,false
46542,24891,135069,0,5,232.171443,1240.926542,0,554.18,0.0,3.701811666629649E-5,,0,0.446585661,,,110.836,,0.0,0.22324145436776757,0.22324145436776757,true,false,false
39812,294690,62905,20,23,2797.802126,569.213366,9837.14,10100.19,6.786792901014626E-5,3.6563071297989033E-4,4.387385740402194,3.516024206,17.744119522,4.046643164,491.857,439.138695652,-0.107182178,0.0,0.22317780780542087,0.22317780780542087,true,false,false
36891,688798,172472,1259,672,4538.019329,822.022992,0,0,0.0018278217997148656,0.0038962846143142074,1.1316545272203316,0,0,,0,0,,0.0,0.22171135024815622,0.22171135024815622,true,false,false
39439,451504,58347,221,98,4380.683077,534.960997,54623.72,17473,4.894751762996563E-4,0.0016796064921932577,2.4314436635802017,12.469224329,32.66219425,1.619424704,247.166153846,178.295918367,-0.278639427,0.0,0.21481824258316623,0.21481824258316623,true,false,false
36724,1195814,669203,448,493,11513.788932,6098.202717,96033.18,104188.64,3.746402032423103E-4,7.366972353680422E-4,0.9664126513714286,8.340710479,17.085138825,1.048403295,214.359776786,211.335983773,-0.014106159,0.0,0.21209408804204405,0.21209408804204405,true,false,false
40451,423149,44570,103,15,4013.876079,411.868662,10635.42,1512,2.4341307671765737E-4,3.365492483733453E-4,0.3826259990284726,2.649663266,3.671073183,0.385486688,103.256504854,100.8,-0.023790316,0.0,0.20320843616782588,0.20320843616782588,true,false,false
38292,691682,480090,5,1,5313.328397,3212.29995,0,0,7.2287554107234245E-6,2.0829427815617904E-6,-0.7118531941927555,0,0,,0,0,,0.0,0.19712553896144472,0.19712553896144472,true,false,false
34928,1538176,743759,17621,5732,10109.785116,3681.427331,1912439.78,668282,0.011455776192061246,0.0077067974975765,-0.3272566285890568,189.16720366,181.527961824,-0.040383543,108.531852903,116.587927425,0.074227743,0.0,0.19699391872905067,0.19699391872905067,true,false,false
36702,1488868,373416,1110,304,14158.274762,3490.263851,34131.17,9549.37,7.455328477742822E-4,8.141054480793539E-4,0.0919779732171273,2.410687077,2.736002322,0.134947106,30.748801802,31.412401316,0.021581313,0.0,0.19457923602630847,0.19457923602630847,true,false,false
33518,9168218,2910051,6948,2229,62713.951942,16117.29728,0,0,7.578353830591725E-4,7.659659572976556E-4,0.01072868121525583,0,0,,0,0,,0.0,0.19420862383511492,0.19420862383511492,true,false,false
42404,1462711,318511,225,64,13880.083764,2949.310965,0,0,1.538239611242412E-4,2.0093497555814398E-4,0.3062657734827927,0,0,,0,0,,0.0,0.19131835321229093,0.19131835321229093,true,false,false
40317,482584,175220,108,180,2944.575658,831.970597,34589,48078.7,2.2379523564809443E-4,0.0010272799908686223,3.5902674732716964,11.746684079,57.788941308,3.919596111,320.268518519,267.103888889,-0.166000173,0.0,0.18538979568542405,0.18538979568542405,true,false,false
37775,26727688,8957031,77315,45465,252660.121832,83305.185333,5440970.03,2838177.86,0.0028926931502642503,0.005075900708616504,0.754731817356022,21.534739992,34.069642228,0.582078179,70.374054582,62.425555042,-0.112946449,0.0,0.18040464524461286,0.18040464524461286,true,false,false
41034,7077066,9713831,8078,6058,67235.687582,128970.290447,62389171,41160503,0.0011414334697457957,6.236468392336659E-4,-0.4536283929254712,927.917498039,319.14716837,-0.656060836,7723.343773211,6794.404588973,-0.120276814,0.0,0.16946115286543487,0.16946115286543487,true,false,false
33926,483763,146745,189,529,4277.106782,702.462018,38271,93426.3,3.9068717533172236E-4,0.003604892841323384,8.227057013741398,8.947871061,132.998365187,13.863688165,202.492063492,176.60926276,-0.12782131,0.0,0.16771951344168456,0.16771951344168456,true,false,false
42357,6879914,5234497,1242,667,64297.772199,49068.734114,0,0,1.8052551238285827E-4,1.2742389574394637E-4,-0.29415020590715213,0,0,,0,0,,0.0,0.16767131588765835,0.16767131588765835,true,false,false
36743,5305309,1573778,83331,19248,50675.574956,19512.047225,11214013.63,2253907.51,0.01570709641983153,0.012230441650601291,-0.22134293164716745,221.290308788,115.513635448,-0.477999574,134.571931574,117.09827047,-0.129846253,0.0,0.16590268767259422,0.16590268767259422,true,false,false
39711,272110,23216,171,20,2456.967455,144.057257,0,0,6.284223292051009E-4,8.614748449345279E-4,0.3708533336557567,0,0,,0,0,,0.0,0.16195727084769124,0.16195727084769124,true,false,false
36109,2331226,531017,1494,555,17071.802773,3033.721251,0,0,6.408645064871445E-4,0.0010451642791097083,0.6308662260587743,0,0,,0,0,,0.0,0.15966532144921913,0.15966532144921913,true,false,false
37786,209197,1019288,489,6137,1881.048558,9035.307904,107745.1,894905.07,0.0023375096201188354,0.006020869469669024,1.5757624344506151,57.279276254,99.045331881,0.729165212,220.337627812,145.821259573,-0.338191751,0.0,0.1561021026441987,0.1561021026441987,true,false,false
44707,114268,121527,11,14,1067.733021,1094.145384,0,0,9.626492106276473E-5,1.1520073728471862E-4,0.1967052589136571,0,0,,0,0,,0.0,0.15159594164259793,0.15159594164259793,true,false,false
32890,968846,272075,715,592,5787.019883,1219.770739,101068.73,83193.94,7.379913835635385E-4,0.0021758706239088485,1.948368602086143,17.464728313,68.204571023,2.905275238,141.354867133,140.530304054,-0.005833284,0.0,0.1477680786547827,0.1477680786547827,true,false,false
37906,553823,117591,77,35,5264.97042,1042.079228,88181.87,35202.61,1.3903359015425505E-4,2.976418263302464E-4,1.1407907686194294,16.748787356,33.781126285,1.016929678,1145.219090909,1005.788857143,-0.121749834,0.0,0.14771538638161083,0.14771538638161083,true,false,false
30743,4618163,397135,1658,332,41551.80097,3438.812908,143908.48,30553.38,3.5901721095595805E-4,8.359877623478162E-4,1.3285450859634969,3.463351206,8.884862543,1.565394618,86.796429433,92.028253012,0.060276945,0.0,0.14579928739597367,0.14579928739597367,true,false,false
40352,1677732,832320,566,34,16333.223177,7536.212594,25246.09,0,3.3736019817229453E-4,4.0849673202614376E-5,-0.8789137739901615,1.545689404,0,-1,44.604399293,0,-1,0.0,0.145749231064975,0.145749231064975,true,false,false
32899,17159742,8769640,676,364,105972.419817,78486.525086,62011.66,31543.27,3.9394531689345914E-5,4.1506834944193833E-5,0.05361919952507477,0.585167915,0.401894083,-0.313198703,91.733224852,86.657335165,-0.055333165,0.0,0.14300849293699627,0.14300849293699627,true,false,false
35546,528208,2976850,10,839,4511.912516,24499.143157,1733.33,133458.58,1.8931935904037804E-5,2.818415439138687E-4,13.887095822765676,0.384167466,5.447479495,13.179960505,173.333,159.068629321,-0.082294604,0.0,0.14058249491912592,0.14058249491912592,true,false,false
33819,1405940,349462,5443,58,9560.00317,1696.417398,597959.52,7169.21,0.0038714312132807943,1.6596940439876152E-4,-0.9571297033951139,62.548046205,4.226088466,-0.932434525,109.85844571,123.607068966,0.125148532,0.0,0.1399265156154317,0.1399265156154317,true,false,false
36945,20610456,18075276,9853,11132,155308.413862,125378.771141,1483748.53,1495971.8,4.780583214655707E-4,6.158688807850016E-4,0.28827143704338987,9.553561801,11.931619575,0.248918448,150.588504009,134.384818541,-0.107602407,0.0,0.1340875790776307,0.1340875790776307,true,false,false
36583,1109317,545646,740,452,10317.759362,4952.361911,0,0,6.670771294409083E-4,8.283759067234068E-4,0.2417992915117424,0,0,,0,0,,0.0,0.12529002320185614,0.12529002320185614,true,false,false
33491,2559800,463927,4,1,20717.894244,2478.576708,0,0,1.5626220798499883E-6,2.1555115352199808E-6,0.37941960696402677,0,0,,0,0,,0.0,0.12119579157927864,0.12119579157927864,true,false,false
41622,486981,47907,95,12,4762.235746,434.135332,34998.52,4608.55,1.9507947948687937E-4,2.5048531529839064E-4,0.28401672978237436,7.349178383,10.615468635,0.444442913,368.405473684,384.045833333,0.0424542,0.0,0.11973198071263072,0.11973198071263072,true,false,false
45787,546947,206890,266,620,5176.44685,1835.917468,16034.19,35460.25,4.8633597039566905E-4,0.002996761564116197,5.161916342889706,3.097528182,19.314729893,5.235529996,60.278909774,57.193951613,-0.051178068,0.0,0.11739088404466141,0.11739088404466141,true,false,false
40633,12470025,4116616,2855,1271,91799.985046,54127.401969,231562.81,79677.56,2.2894901974935896E-4,3.087487392557382E-4,0.3485479850219042,2.522471108,1.472037399,-0.416430422,81.107814361,62.688874902,-0.227092045,0.0,0.1153223910124238,0.1153223910124238,true,false,false
38291,513938,313673,10,12,4071.128671,2075.697338,0,0,1.945759994396211E-5,3.825640077405451E-5,0.9661418101016026,0,0,,0,0,,0.0,0.10777784508070506,0.10777784508070506,true,false,false
39209,648397,527326,313,4861,6239.957922,4754.92211,46804.33,894167.76,4.827289453837695E-4,0.009218206574301287,18.09603031360138,7.50074449,188.050979451,24.070975248,149.534600639,183.947286567,0.230131928,0.0,0.10766015709447287,0.10766015709447287,true,false,false
35927,298083,398719,65,668,2812.263177,3834.643904,18196.88,192155.3,2.1806007051727204E-4,0.0016753653575575782,6.68304510579747,6.470546622,50.110337442,6.744374683,279.952,287.657634731,0.027524843,0.0,0.10720331862790587,0.10720331862790587,true,false,false
31573,3802656,7964009,4266,7187,20508.094954,37307.294407,786223.97,1416672.62,0.0011218474666128096,9.024349419996889E-4,-0.19558142362757414,38.337250328,37.973073162,-0.009499303,184.30003985,197.115989982,0.06953851,0.0,0.09434030021814391,0.09434030021814391,true,false,false
38579,6694369,9425295,1296,1238,45055.633,72769.343445,1261766.1,1190409.99,1.9359554276138647E-4,1.3134867396723393E-4,-0.32153048518722394,28.00462486,16.358674321,-0.415858116,973.584953704,961.558957997,-0.012352282,0.0,0.09328461337284404,0.09328461337284404,true,false,false
33768,9470843,4296261,11513,5146,56271.937927,40982.256559,4082607.09,1677013.76,0.001215625684007221,0.0011977857024980559,-0.014675554937566782,72.551386009,40.920483663,-0.435979298,354.608450447,325.88685581,-0.080995235,0.0,0.08801862829097208,0.08801862829097208,true,false,false
40689,122667,25264,33,14,1144.4001,233.04501,0,0,2.690210080950867E-4,5.541481950601647E-4,1.0598695952559156,0,0,,0,0,,0.0,0.08767416086130463,0.08767416086130463,true,false,false
32244,6918176,2762970,13785,19813,40471.439824,15503.379146,2495645.94,3164101.3,0.0019925772342305253,0.007170906669272558,2.5988098960900508,61.664372477,204.091073965,2.309708115,181.040692057,159.698243577,-0.117887577,0.0,0.08296543212557501,0.08296543212557501,true,false,false
36245,1372876,427198,98,26,8099.383099,2329.339048,0,0,7.138299453118854E-5,6.086170815406439E-5,-0.1473920566967417,0,0,,0,0,,0.0,0.0828983281756937,0.0828983281756937,true,false,false
39436,1202589,112895,531,255,11640.186887,1034.953559,31170.24,15242.98,4.415473615674183E-4,0.0022587359936223927,4.115501054301996,2.677812676,14.728177769,4.500077694,58.701016949,59.776392157,0.018319533,0.0,0.07856858142521812,0.07856858142521812,true,false,false
43807,433878,176005,6931,4859,4244.102733,1679.683781,0,0,0.01597453662089343,0.027607170250845147,0.7281985015288113,0,0,,0,0,,0.0,0.07481605636203517,0.07481605636203517,true,false,false
42182,819187,545815,530,384,6169.251485,4019.26088,52106.1,42101.32,6.46982923312992E-4,7.035350805675916E-4,0.08740904159419571,8.446097574,10.474891095,0.240204841,98.313396226,109.638854167,0.115197505,0.0,0.07339116733691818,0.07339116733691818,true,false,false
37115,12439736,15874994,5405,8724,116378.712511,163143.118802,764371.17,1301787.77,4.344947513355589E-4,5.495435147881E-4,0.2647874642878929,6.567963793,7.979421869,0.214900405,141.419272895,149.219139156,0.055154196,0.0,0.0730385787862345,0.0730385787862345,true,false,false
40535,4924336,2379194,1799,1228,35566.671494,24325.109676,386108.05,268889.72,3.653284422508943E-4,5.161411805846854E-4,0.41281411708486226,10.855894965,11.053998259,0.018248453,214.623707615,218.965570033,0.020230116,0.0,0.07181003314567874,0.07181003314567874,true,false,false
34206,2457813,1211144,26,19,16213.916093,8281.259344,0,0,1.0578510244676874E-5,1.568764738131882E-5,0.4829732182008213,0,0,,0,0,,0.0,0.06722734868851268,0.06722734868851268,true,false,false
43434,212959,130882,45,68,1994.272341,731.341195,4688.09,8773.98,2.113082799975582E-4,5.195519628367537E-4,1.4587392545278277,2.350777225,11.997108955,4.103464857,104.179777778,129.029117647,0.238523641,0.0,0.06693815803548234,0.06693815803548234,true,false,false
42782,1655291,2993784,160,525,10395.430714,17207.411608,41546,113099.9,9.665974139894435E-5,1.7536335286714072E-4,0.814233623317514,3.9965636,6.572743337,0.644598709,259.6625,215.428380952,-0.170352358,0.0,0.06273498689284197,0.06273498689284197,true,false,false
32987,4637071,1388277,113,56,29667.137617,7884.324617,1224139.31,535533.33,2.4368831100494257E-5,4.033777120848361E-5,0.6553018502256132,41.262467778,67.923805274,0.646140159,10833.091238938,9563.095178571,-0.117233025,0.0,0.058806707883225035,0.058806707883225035,true,false,false
35827,3427271,808350,234,309,20467.821414,7461.784801,36720.8,45824.41,6.827589647856852E-5,3.8226015958433846E-4,4.598757091447757,1.794074672,6.141213024,2.423053187,156.926495726,148.299061489,-0.05497755,0.0,0.05750850497927878,0.05750850497927878,true,false,false
39277,3743278,2449182,25757,9260,35544.610967,22675.311358,840374.45,344394.07,0.006880867517721099,0.0037808541790687665,-0.4505265260039534,23.642809054,15.188063553,-0.357603256,32.627031487,37.191584233,0.139900951,0.0,0.057124378670102914,0.057124378670102914,true,false,false
39225,3334755,608865,13480,6808,31168.950603,5598.992475,3107890.53,1517334.42,0.004042275969299094,0.011181460586501112,1.7661299405146527,99.71110576,271.001332253,1.717865078,230.5556773,222.875208578,-0.033312859,0.0,0.05686810705164527,0.05686810705164527,true,false,false
36593,352379,83593,1,4,3377.749403,767.712561,0,0,2.837853561080541E-6,4.785089660617516E-5,15.861651095187398,0,0,,0,0,,0.0,0.052420657232064884,0.052420657232064884,true,false,false
40187,394776,446830,19,25,2929.274148,3453.48747,0,0,4.812855898028249E-5,5.594969003871719E-5,0.1625049913012957,0,0,,0,0,,0.0,0.04742295727681669,0.04742295727681669,false,false,true
43321,138342,29392,2,21,1314.356837,264.749629,298.99,1924.41,1.4456925590203988E-5,7.144801306477953E-4,48.42130511703865,0.227480081,7.268792056,30.953532037,149.495,91.638571429,-0.387012466,0.0,0.04276673924877518,0.04276673924877518,false,false,true
44294,63271,58834,3,2,572.339701,506.712555,0,0,4.74150874808364E-5,3.3993949077064285E-5,-0.28305628264835525,0,0,,0,0,,0.0,0.03311010640106061,0.03311010640106061,false,false,true
34249,27867593,10148365,1430,450,258856.374339,87951.319594,0,0,5.1314083710064234E-5,4.4342118163861864E-5,-0.13586846031579747,0,0,,0,0,,0.0,0.032449857686435206,0.032449857686435206,false,false,true
45031,87216,69805,0,0,833.952374,646.942849,0,0,0.0,0.0,,0,0,,,,,0.0,0.03201776377050355,0.03201776377050355,false,false,true
39956,2276619,689518,0,0,16033.862543,4133.06208,0,0,0.0,0.0,,0,0,,,,,0.0,0.031189903671840328,0.031189903671840328,false,false,true
35227,925146,489802,53,247,8632.581555,3913.604763,11314.75,52059.66,5.728825504298781E-5,5.042854051228863E-4,7.802596705807883,1.310702937,13.302227269,9.148926117,213.485849057,210.767854251,-0.012731499,0.0,0.02707216385396548,0.02707216385396548,false,false,true
42248,1710452,6162589,0,0,10855.674931,35048.786357,0,0,0.0,0.0,,0,0,,,,,0.0,0.006002671928957131,0.006002671928957131,false,false,true
32167,194465,64622,0,0,1737.283798,538.719304,0,0,0.0,0.0,,0,0,,,,,0.0,0.003775803905790598,0.003775803905790598,false,false,true
34058,140892,20679,1,0,1320.044162,190.314083,0,0,7.097635067995344E-6,0.0,-1.0,0,0,,0,,,0.8482454646111915,0.8490739397456357,8.284751344441732E-4,false,true,false
34303,5432160,1688223,1552,1647,33558.357538,8486.246009,559594.1,685462.13,2.8570587022473567E-4,9.755820173045859E-4,2.414637636031752,16.675252934,80.773304153,3.843902787,360.563208763,416.188299939,0.154272787,0.0,4.738710466567509E-6,4.738710466567509E-6,false,false,true
34712,863593,493332,190,28,6718.043127,2983.318901,21835.18,4912.24,2.2001104687045865E-4,5.675691015381123E-5,-0.7420269983659984,3.250229209,1.646568859,-0.493399156,114.922,175.437142857,0.526575789,0.0,0.0,0.0,false,false,true
40807,7533904,4172755,625,286,61831.486605,36694.590294,0,0,8.295831749382524E-5,6.853984957180568E-5,-0.17380376504251982,0,0,,0,0,,0.0,0.0,0.0,false,false,true
31357,523757995,273532082,10112,21199,3132304.67271,1559304.343293,10112,0,1.930662652700891E-5,7.750096385403157E-5,3.0142157277249844,0.003228294,0,-1,1,0,-1,0.0,0.0,0.0,false,false,true
33816,1075132,700263,1052,1251,7021.986997,4638.692397,163635.25,169315.91,9.784845023680813E-4,0.0017864716542213427,0.8257536526105518,23.303268729,36.500784167,0.566337521,155.546815589,135.344452438,-0.129879632,0.0,0.0,0.0,false,false,true
42326,728673,230513,148,18,6980.82015,2147.196976,0,0,2.0310893912632965E-4,7.80867022684187E-5,-0.6155427594457064,0,0,,0,0,,0.0,0.0,0.0,false,false,true
42981,49593,14455,8,6,451.235565,131.701042,0,0,1.6131308854072147E-4,4.1508128675198894E-4,1.5731407817364236,0,0,,0,0,,0.0,0.0,0.0,false,false,true
35073,1248154,584666,2499,1267,8192.428755,3659.317612,733770.82,302673.1,0.0020021567851402954,0.0021670492212647907,0.08235740444919304,89.566945523,82.712989714,-0.076523273,293.625778311,238.889581689,-0.18641482,0.0,0.0,0.0,false,false,true
39530,36066,18210,6,3,203.293238,94.360569,0,0,1.6636167027116953E-4,1.6474464579901152E-4,-0.00971993410214178,0,0,,0,0,,0.0,0.0,0.0,false,false,true
36732,12229533,1579518,432,273,89944.019834,11532.920151,0,0,3.5324325139807055E-5,1.7283753651430373E-4,3.892875825093478,0,0,,0,0,,0.0,0.0,0.0,false,false,true
41078,260469,78082,1445,534,2458.094684,720.492117,1445,534,0.005547685137194829,0.0068389641658768985,0.23275997046490637,0.587853678,0.741160087,0.260790082,1,1,0,0.0,0.0,0.0,false,false,true
30392,3895198,2709107,2057,2155,23790.687902,16377.073689,333570,410252,5.28086120397474E-4,7.954650739155005E-4,0.5063169494338893,14.021032152,25.050384934,0.786629163,162.163344677,190.372157773,0.173953079,0.0,0.0,0.0,false,false,true
31480,4467357,1222165,4370,2009,27405.583387,5721.821596,0,0,9.782070248695145E-4,0.0016438042326527105,0.6804257083228182,0,0,,0,0,,0.0,0.0,0.0,false,false,true
46544,120733,145186,10,44,751.72943,1286.909949,12953.43,36102.5,8.282739598949748E-5,3.030595236455306E-4,2.6589285468295847,17.231505756,28.053633456,0.628043066,1295.343,820.511363636,-0.366568265,0.0,0.0,0.0,false,false,true
39983,31721,8446,0,0,248.20322,47.77294,0,0,0.0,0.0,,0,0,,,,,0.0,0.0,0.0,false,false,true
31779,5388468,2438301,3549,2056,26441.821961,9392.600814,6652917.87,3220166.97,6.586287605308225E-4,8.43210087679905E-4,0.2802509368104711,251.605879497,342.840820532,0.362610529,1874.58942519,1566.229071012,-0.164494876,0.0,0.0,0.0,false,false,true
37880,10656193,3475399,1445,518,99701.164897,31829.74596,0,0,1.3560189835150322E-4,1.4904763453059633E-4,0.09915595830553547,0,0,,0,0,,0.0,0.0,0.0,false,false,true
36795,97044,30466,19,6,568.491612,132.990302,0,0,1.957874778451012E-4,1.9694085209742007E-4,0.005890950049580734,0,0,,0,0,,0.0,0.0,0.0,false,false,true
41091,30245,11045,0,0,225.097565,51.15999,0,0,0.0,0.0,,0,0,,,,,0.0,0.0,0.0,false,false,true
46533,596627,768563,24,21,5625.32048,6839.201925,0,0,4.022613793877917E-5,2.7323719721089877E-5,-0.3207471280818879,0,0,,0,0,,0.0,0.0,0.0,false,false,true
39700,59280,16401,15,3,576.465229,149.360338,0,0,2.5303643724696357E-4,1.8291567587342235E-4,-0.27711724894823486,0,0,,0,0,,0.0,0.0,0.0,false,false,true
35015,1103875,305289,51,21,7115.837014,1494.133681,0,0,4.620088325217982E-5,6.87872802492065E-5,0.48887370559005516,0,0,,0,0,,0.0,0.0,0.0,false,false,true
32736,1446993,416109,359,222,7863.642411,1771.648605,86040.11,43724.06,2.48100716451289E-4,5.335140552114951E-4,1.1503930453834177,10.941508464,24.679871548,1.255618741,239.666044568,196.955225225,-0.178209723,0.0,0.0,0.0,false,false,true
41048,332066,52115,48,25,3278.399809,470.230956,0,0,1.445495774936308E-4,4.797083373309028E-4,2.3186422655025742,0,0,,0,0,,0.0,0.0,0.0,false,false,true
34083,712946,239324,105,60,4162.886298,1088.255545,4536.08,2423.68,1.472762312994252E-4,2.5070615567180895E-4,0.7022852463008904,1.089647825,2.227123961,1.043893366,43.200761905,40.394666667,-0.064954763,0.0,0.0,0.0,false,false,true
39825,36443,11021,0,0,270.647554,51.90755,0,0,0.0,0.0,,0,0,,,,,0.0,0.0,0.0,false,false,true
33012,6518711,7823699,140,1983,44254.869532,55703.73844,17566.58,471209.72,2.147663855630354E-5,2.5346067122469817E-4,10.801691896998738,0.396941177,8.459211773,20.310995843,125.475571429,237.624669692,0.893792289,0.0,0.0,0.0,false,false,true
45571,68790,10873,0,0,551.325588,57.697129,0,0,0.0,0.0,,0,0,,,,,0.0,0.0,0.0,false,false,true
37248,196174,29099,15,4,1853.907099,267.391557,0,0,7.646273206439181E-5,1.3746176844565104E-4,0.7977616642038099,0,0,,0,0,,0.0,0.0,0.0,false,false,true
35445,575370,46052,1,0,4663.223647,277.661959,0,0,1.7380120618037088E-6,0.0,-1.0,0,0,,0,,,0.0,0.0,0.0,false,false,true
34577,2253110,434610,745,332,14530.611361,2253.243341,0,0,3.306540737025711E-4,7.639032695980304E-4,1.3102793231731789,0,0,,0,0,,0.0,0.0,0.0,false,false,true
33721,712704,47256,30,3,6845.547846,432.605526,0,0,4.2093211206896555E-5,6.348400203148806E-5,0.5081767394616554,0,0,,0,0,,0.0,0.0,0.0,false,false,true
43718,185137,25177,0,0,1727.369055,232.626281,0,0,0.0,0.0,,0,0,,,,,0.0,0.0,0.0,false,false,true
42797,30930,5456,78,73,288.058919,47.016337,5149.25,5210.5,0.002521823472356935,0.013379765395894428,4.305591585833521,17.875683273,110.823180462,5.199661225,66.016025641,71.376712329,0.081202808,0.0,0.0,0.0,false,false,true
44113,59009,9937,0,2,567.039199,93.23198,0,0,0.0,2.0126798832645668E-4,,0,0,,,0,,0.0,0.0,0.0,false,false,true
39832,37348,11841,0,0,272.624728,65.088468,0,0,0.0,0.0,,0,0,,,,,0.0,0.0,0.0,false,false,true
40281,2051480,384984,2560,2531,18618.342749,3518.902,735960,615124,0.0012478795796205665,0.006574299191654718,4.268376291287431,39.528759886,174.805663812,3.422240018,287.484375,243.035954168,-0.154611606,0.0,0.0,0.0,false,false,true
37162,3048046,992874,2194,2101,26788.080259,8757.894016,365878.23,679185.8,7.198054097608763E-4,0.002116079180238379,1.9397933824106062,13.658247492,77.551269604,4.677980989,166.763094804,323.267872442,0.938485687,0.0,0.0,0.0,false,false,true
44643,487945,86142,3,1,4666.018959,776.351341,0,0,6.148233919806535E-6,1.1608739058763437E-5,0.8881420600094418,0,0,,0,0,,0.0,0.0,0.0,false,false,true
36991,742423,244067,190,106,5673.366195,1508.583832,29375.2,15272.9,2.5591879561920897E-4,4.3430697308525937E-4,0.6970499256783029,5.177737342,10.1239982,0.955293892,154.606315789,144.083962264,-0.068059015,0.0,0.0,0.0,false,false,true
35093,1812045,961558,982,904,11972.515519,5187.53191,59579.62,64216.29,5.41929146351222E-4,9.401408963369864E-4,0.7348040840152286,4.97636607,12.378967708,1.487551666,60.671710794,71.035719027,0.170821098,0.0,0.0,0.0,false,false,true
35237,6446469,3576742,0,0,44906.41067,22071.236631,0,0,0.0,0.0,,0,0,,,,,0.0,0.0,0.0,false,false,true
38219,2657656,492073,1399,672,24418.438045,4501.827332,239154.85,101412.25,5.264037181636751E-4,0.0013656510314526502,1.5943035437071655,9.794027348,22.526907969,1.300065863,170.946997856,150.91108631,-0.117205402,0.0,0.0,0.0,false,false,true
31921,1201336,1308035,6472,6739,7281.168873,6905.923104,371078.57,367453.58,0.005387335433217684,0.005152002813380376,-0.04368256306935603,50.964148267,53.208466771,0.044037202,57.335996601,54.526425286,-0.049001875,0.0,0.0,0.0,false,false,true
37954,3961820,715647,399,83,32786.299204,6481.790165,0,0,1.0071128925594803E-4,1.1597896728414987E-4,0.15159847660574077,0,0,,0,0,,0.0,0.0,0.0,false,false,true
40813,4658910,777580,51,20,43983.8573,7266.258158,0,0,1.0946766518348712E-5,2.572082615293603E-5,1.3496277288661807,0,0,,0,0,,0.0,0.0,0.0,false,false,true
32976,963801,86177,613,84,6655.399189,391.455352,211114.06,61338.85,6.360234114718702E-4,9.747380391519779E-4,0.5325505658608736,31.720720877,156.694370601,3.939811148,344.394877651,730.224404762,1.120311457,0.0,0.0,0.0,false,false,true
34729,5156344,2175716,7240,6335,35648.188165,14408.153321,289870.8,266589,0.0014040956150326665,0.0029116851647917282,1.0737086090280168,8.131431495,18.502648748,1.275447904,40.037403315,42.081925809,0.051065312,0.0,0.0,0.0,false,false,true
39715,770078,163877,29,6,7268.145707,1505.663631,129573.2,32970,3.765852290287477E-5,3.661282547276311E-5,-0.02776788226157001,17.827545735,21.897321102,0.22828579,4468.04137931,5495,0.229845369,0.0,0.0,0.0,false,false,true
35158,23856,498071,6,148,206.169148,4452.490232,5223,205514,2.5150905432595576E-4,2.971463907756123E-4,0.1814540497238344,25.333567368,46.157091715,0.821973631,870.5,1388.608108108,0.595184501,0.0,0.0,0.0,false,false,true
34016,602921,496751,163,177,4512.550567,4549.703161,32051.16,27503.75,2.703505102658557E-4,3.563153370602173E-4,0.31797545604713684,7.102670546,6.045174603,-0.148887089,196.632883436,155.388418079,-0.209753652,0.0,0.0,0.0,false,false,true
32370,189792,621594,266,1666,1061.740669,2635.20348,48266.61,306822.5,0.0014015343112459956,0.002680206050894957,0.9123370932761492,45.459886213,116.432185343,1.561207144,181.453421053,184.167166867,0.014955606,0.0,0.0,0.0,false,false,true
39899,33758,11077,0,0,248.880421,51.598134,0,0,0.0,0.0,,0,0,,,,,0.0,0.0,0.0,false,false,true
39087,7901093,1004076,1174,18239,72719.763025,9197.096023,3618318.04,998298.49,1.485870372618067E-4,0.01816495962457025,121.25130778106868,49.75701088,108.544967618,1.181500972,3082.042623509,54.734277647,-0.982240908,0.0,0.0,0.0,false,false,true
33610,740726,122402,514,136,4603.149642,556.239269,174179.45,54028.7,6.939138088847968E-4,0.001111092955997451,0.6011973558835952,37.839189152,97.132121033,1.566971524,338.870525292,397.269852941,0.172335223,0.0,0.0,0.0,false,false,true
31297,5650879,1443954,56962,32820,38961.712805,7948.922632,2602855.16,1429411.6,0.01008020168189763,0.022729255918124816,1.25484138466622,66.805460351,179.824570722,1.691764562,45.694588673,43.553065204,-0.046866019,0.0,0.0,0.0,false,false,true
39116,559339,54143,70,18,5380.465737,468.05106,3380.9,896.75,1.251477190040387E-4,3.3245294867295867E-4,1.6564842836826288,0.628365678,1.915923446,2.049058077,48.298571429,49.819444444,0.031488985,0.0,0.0,0.0,false,false,true
32954,3162451,1897855,1299,302,18440.991015,8744.662415,376087.72,130761.96,4.107573524459351E-4,1.591270144452553E-4,-0.6126009345962955,20.394116547,14.953345686,-0.266781395,289.52095458,432.986622517,0.495527753,0.0,0.0,0.0,false,false,true
45306,464789,97302,7,6,4323.516323,668.315641,0,0,1.5060597389353019E-5,6.166368625516433E-5,3.0943718672645106,0,0,,0,0,,0.0,0.0,0.0,false,false,true
38140,60214,26538,0,0,563.947764,243.541862,0,0,0.0,0.0,,0,0,,,,,0.0,0.0,0.0,false,false,true
39981,28790,9843,0,0,208.265562,48.018049,0,0,0.0,0.0,,0,0,,,,,0.0,0.0,0.0,false,false,true
40631,2603872,433884,1312,446,24198.071768,3905.195861,343859.6,102690.06,5.038650133339888E-4,0.0010279245143863336,1.0400791624422037,14.210206635,26.295751521,0.850483402,262.088109756,230.2467713,-0.121490969,0.0,0.0,0.0,false,false,true
33277,1670359,344026,373,283,11820.671138,1762.746104,59767.18,39085.27,2.2330528946172648E-4,8.226122444233866E-4,2.683800981187141,5.05615792,22.172943631,3.385334474,160.233726542,138.1104947,-0.13806851,0.0,0.0,0.0,false,false,true
39212,637069,106630,11,1,6106.325132,975.933195,0,0,1.7266575520077105E-5,9.37822376441902E-6,-0.4568567604204855,0,0,,0,0,,0.0,0.0,0.0,false,false,true
38135,242119,107804,0,0,2290.937709,963.062189,0,0,0.0,0.0,,0,0,,,,,0.0,0.0,0.0,false,false,true
39980,27879,10262,0,0,218.103405,51.222366,0,0,0.0,0.0,,0,0,,,,,0.0,0.0,0.0,false,false,true
36152,486686,240365,460,456,3198.178614,1529.737667,128658.74,135301.09,9.451679316849057E-4,0.0018971148045680527,1.0071722082087113,40.228753778,88.447250087,1.198607756,279.692913043,296.712916667,0.060852467,0.0,0.0,0.0,false,false,true
36591,151388,40971,1,0,1440.511091,367.792053,0,0,6.605543371997781E-6,0.0,-1.0,0,0,,0,,,0.0,0.0,0.0,false,false,true
37593,71984,15802,89,38,673.075487,143.64472,5368.68,2256.93,0.0012363858635252279,0.0024047588912795848,0.9449906070771867,7.97634159,15.711889723,0.969811542,60.322247191,59.392894737,-0.015406463,0.0,0.0,0.0,false,false,true
41895,204698,42220,4,0,1385.178997,226.210988,171,0,1.9540982325181487E-5,0.0,-1.0,0.123449749,0,-1,42.75,,,0.0,0.0,0.0,false,false,true
46308,947961,462165,57,84,5796.257035,3445.368736,2708.79,3033.3,6.0129055942174836E-5,1.817532699360618E-4,2.022719500383493,0.467334348,0.880399235,0.883874444,47.522631579,36.110714286,-0.240136476,0.0,0.0,0.0,false,false,true
36140,160551,38839,48,45,1314.361624,284.425766,0,0,2.989704206140105E-4,0.0011586292129045547,2.8753974741883157,0,0,,0,0,,0.0,0.0,0.0,false,false,true
38828,299835,71758,0,0,2027.629129,435.588005,0,0,0.0,0.0,,0,0,,,,,0.0,0.0,0.0,false,false,true
30425,1524949,387949,239,140,9488.077886,1831.446066,192915.03,114795.02,1.5672655282242227E-4,3.608721764974262E-4,1.302559266433362,20.332361551,62.679989398,2.082769763,807.175857741,819.964428571,0.015843599,0.0,0.0,0.0,false,false,true
34265,2690124,494650,9574,4822,24605.836959,4419.011579,5240445,3273332.96,0.003558943751291762,0.00974830688365511,1.7391011392402147,212.975685758,740.738715317,2.478043574,547.362126593,678.833048528,0.240190023,0.0,0.0,0.0,false,false,true
33554,172090,189240,37,77,1376.234438,1080.701733,7515,17772.5,2.1500377709338136E-4,4.0689072077784824E-4,0.8924817334772948,5.460552209,16.445333118,2.011661182,203.108108108,230.811688312,0.136398199,0.0,0.0,0.0,false,false,true
40201,298365,45594,0,0,2864.390346,421.597737,0,0,0.0,0.0,,0,0,,,,,0.0,0.0,0.0,false,false,true
45797,84611,2860,30,3,871.849402,26.786438,0,0,3.5456382739832885E-4,0.001048951048951049,1.9584265734265731,0,0,,0,0,,0.0,0.0,0.0,false,false,true
35803,369404,79858,523,320,3343.734824,690.823369,69310.7,88765,0.00141579408993947,0.004007112624909214,1.8302933692006946,20.728527724,128.4916,5.198780816,132.525239006,277.390625,1.093115448,0.0,0.0,0.0,false,false,true
33649,322147,264915,1,0,3119.222581,2252.067928,0,0,3.1041729396828158E-6,0.0,-1.0,0,0,,0,,,0.0,0.0,0.0,false,false,true
45397,31491,5247,0,0,286.634886,47.051314,0,0,0.0,0.0,,0,0,,,,,0.0,0.0,0.0,false,false,true
40580,352895,92216,9,0,3290.005237,841.409879,0,0,2.5503336686549825E-5,0.0,-1.0,0,0,,0,,,0.0,0.0,0.0,false,false,true
44965,291135,182611,0,0,2848.493182,1694.241918,0,0,0.0,0.0,,0,0,,,,,0.0,0.0,0.0,false,false,true
37498,237850,122593,12,29,2182.387036,1085.121534,3479.87,6018.43,5.045196552449022E-5,2.3655510510388033E-4,3.688719312413162,1.594524684,5.546318833,2.478352445,289.989166667,207.532068966,-0.284345442,0.0,0.0,0.0,false,false,true
42796,30709,5486,82,46,288.87509,46.97585,6071.4,4429.2,0.0026702269692923898,0.008384979948960992,2.1401749908858916,21.017388519,94.286745211,3.486130383,74.041463415,96.286956522,0.300446427,0.0,0.0,0.0,false,false,true
40712,687542,212653,65,19,6492.841868,1831.994472,0,0,9.453967903051741E-5,8.934743455300419E-5,-0.05492132542397532,0,0,,0,0,,0.0,0.0,0.0,false,false,true
42333,31020,5372,0,0,289.092713,47.722932,0,0,0.0,0.0,,0,0,,,,,0.0,0.0,0.0,false,false,true
34593,767720,91595,4039,1246,7607.989594,800.459427,0,0,0.005261032668160266,0.013603362628964463,1.585682980319039,0,0,,0,0,,0.0,0.0,0.0,false,false,true
45295,668278,669979,35,34,6318.387778,5890.540491,0,0,5.237341345966798E-5,5.0747859261260425E-5,-0.031037774531525786,0,0,,0,0,,0.0,0.0,0.0,false,false,true
46411,2835009,2473668,344,1102,27597.136072,22887.881193,43996.07,126922.65,1.2134000280069658E-4,4.4549228109835273E-4,2.671437867280116,1.594225933,5.54540846,2.478433229,127.895552326,115.174818512,-0.099461894,0.0,0.0,0.0,false,false,true
42055,122106,20000,156,55,1157.159607,188.877489,0,0,0.0012775784973711366,0.00275,1.152509615384615,0,0,,0,0,,0.0,0.0,0.0,false,false,true
44039,76762,12696,21,16,718.766533,116.26759,0,0,2.7357286157213203E-4,0.001260239445494644,3.6065952530980887,0,0,,0,0,,0.0,0.0,0.0,false,false,true
46056,30851,5543,0,0,289.256187,47.245894,0,0,0.0,0.0,,0,0,,,,,0.0,0.0,0.0,false,false,true
39658,157458,27295,10,2,1479.770385,251.925636,0,0,6.350899922519021E-5,7.327349331379373E-5,0.15374977102033327,0,0,,0,0,,0.0,0.0,0.0,false,false,true
46984,36467,12752,0,0,319.135822,117.294266,0,0,0.0,0.0,,0,0,,,,,0.0,0.0,0.0,false,false,true
34339,10913854,5647134,225,122,80048.022641,33284.929625,91968.18,61890.59,2.061599871136264E-5,2.1603879065026615E-5,0.04791814199714217,1.148912577,1.859417781,0.618415377,408.747466667,507.299918033,0.241108409,0.0,0.0,0.0,false,false,true
32352,9599867,3211615,2255,2043,75956.451793,22465.808403,144858,123953.58,2.3489908766444369E-4,6.36128552145883E-4,1.7080929026621026,1.9071191,5.517432437,1.893071774,64.238580931,60.672334802,-0.055515643,0.0,0.0,0.0,false,false,true
40046,44490,8919,1,0,320.947857,47.759068,0,0,2.247696111485727E-5,0.0,-1.0,0,0,,0,,,0.0,0.0,0.0,false,false,true
32636,9184085,12753564,536,954,41427.373156,45767.000012,530802.56,794762.83,5.836182918603214E-5,7.480261987943135E-5,0.28170451342423,12.812846183,17.365412411,0.355312642,990.303283582,833.084727463,-0.158757987,0.0,0.0,0.0,false,false,true
39521,237161,980865,148,1527,1641.413867,5295.754348,29706.8,310403.9,6.240486420617218E-4,0.0015567891605878484,1.4946599602309103,18.098299641,58.613727073,2.238631708,200.721621622,203.276948265,0.012730699,0.0,0.0,0.0,false,false,true
39542,985326,6366030,4163,1206,9888.236824,59065.805693,0,0,0.0042249976150025475,1.8944302807244074E-4,-0.9551613881627419,0,0,,0,0,,0.0,0.0,0.0,false,false,true
38670,328154,26069,14,3,3068.228669,228.79464,0,0,4.266289607927985E-5,1.1507921285818406E-4,1.6974074297331807,0,0,,0,0,,0.0,0.0,0.0,false,false,true
43781,61594,9975,0,0,569.152302,92.729401,0,0,0.0,0.0,,0,0,,,,,0.0,0.0,0.0,false,false,true
38533,477226,80200,164,119,4308.066178,729.687087,23752.48,13250.2,3.436526928541194E-4,0.001483790523690773,3.317703758895445,5.513490048,18.158742612,2.293511452,144.832195122,111.346218487,-0.231205338,0.0,0.0,0.0,false,false,true
42564,67550,24557,0,0,637.764267,228.346648,0,0,0.0,0.0,,0,0,,,,,0.0,0.0,0.0,false,false,true
43054,273769,47322,9,17,2613.557161,428.648943,0,0,3.287443063312501E-5,3.5924094501500357E-4,9.92767047509028,0,0,,0,0,,0.0,0.0,0.0,false,false,true
40605,281450,163427,8,3,2753.770727,1502.547512,0,0,2.842423165748801E-5,1.835681986452667E-5,-0.35418413114112113,0,0,,0,0,,0.0,0.0,0.0,false,false,true
31960,2310315,2139779,344,881,17417.765454,18014.422287,31920.84,115421.25,1.4889744472074154E-4,4.1172476223011814E-4,1.7651566687548703,1.832659883,6.407158007,2.496097703,92.793139535,131.011634506,0.411867679,0.0,0.0,0.0,false,false,true
45744,310523,60142,10,6,2918.320238,553.54534,0,0,3.220373370088528E-5,9.976389212197799E-5,2.097898307339297,0,0,,0,0,,0.0,0.0,0.0,false,false,true
44623,27095,7533,0,0,242.159849,45.700156,0,0,0.0,0.0,,0,0,,,,,0.0,0.0,0.0,false,false,true
40009,38700,4085,0,0,273.084363,22.83156,0,0,0.0,0.0,,0,0,,,,,0.0,0.0,0.0,false,false,true
37479,404146,111187,15775,11277,3730.019346,1027.697388,1303575.49,965066.55,0.039032923745379144,0.10142372759405326,1.5984148216942153,349.482232954,939.057120577,1.686995309,82.635530269,85.5783054,0.035611499,0.0,0.0,0.0,false,false,true
42068,562875,105375,0,11,5105.076745,954.488538,0,0,0.0,1.0438908659549228E-4,,0,0,,,0,,0.0,0.0,0.0,false,false,true
34540,362817,184313,56,33,2784.466185,958.288347,0,0,1.5434778414462387E-4,1.7904325793622805E-4,0.15999888776157944,0,0,,0,0,,0.0,0.0,0.0,false,false,true
37676,1346880,131594,420,1591,9977.644693,824.301903,0,0,3.1183178902352104E-4,0.012090216879189021,37.771598357719306,0,0,,0,0,,0.0,0.0,0.0,false,false,true
46188,157472,92139,7,0,1541.546361,783.759054,0,0,4.4452347083926033E-5,0.0,-1.0,0,0,,0,,,0.0,0.0,0.0,false,false,true
41079,27255,7864,0,0,214.698825,40.569078,0,0,0.0,0.0,,0,0,,,,,0.0,0.0,0.0,false,false,true
40422,93481,94832,2,0,809.196095,799.981607,0,0,2.1394721922101816E-5,0.0,-1.0,0,0,,0,,,0.0,0.0,0.0,false,false,true
39988,35038,8055,0,0,268.426596,47.540934,0,0,0.0,0.0,,0,0,,,,,0.0,0.0,0.0,false,false,true
36322,4391084,1547188,12534,7374,27010.227348,7271.188689,2121460.5,1282522.5,0.0028544204574542415,0.004766065920883565,0.6697140424554879,78.542859809,176.384158747,1.245705837,169.256462422,173.924938975,0.027582265,0.0,0.0,0.0,false,false,true
42703,221125,58809,12,49,2083.336866,540.477319,4806.12,8090.21,5.426794799321651E-5,8.332058018330528E-4,14.353552744194484,2.306933688,14.96863923,5.488543346,400.51,165.106326531,-0.58775979,0.0,0.0,0.0,false,false,true
45786,246077,131313,41,18,2329.857272,1187.209972,0,0,1.6661451496889184E-4,1.3707706015398324E-4,-0.17728020167044545,0,0,,0,0,,0.0,0.0,0.0,false,false,true
33832,7698608,1543552,11296,31011,44362.647713,6497.927547,799419.11,1865846.35,0.0014672782404299583,0.020090673977941786,12.692477285054396,18.020094634,287.144837566,14.934701976,70.770105347,60.167242269,-0.149821214,0.0,0.0,0.0,false,false,true
40040,31071,5254,0,0,289.038086,46.935142,0,0,0.0,0.0,,0,0,,,,,0.0,0.0,0.0,false,false,true
36091,1044720,142604,138,99,9946.36418,1313.072724,93264.3,63230.39,1.3209280955662762E-4,6.942301758716445E-4,4.255624270555249,9.376722822,48.154522476,4.135538651,675.82826087,638.690808081,-0.054951021,0.0,0.0,0.0,false,false,true
45826,123695,54587,5,1,1168.377804,486.342617,0,0,4.042200573992481E-5,1.831938007217836E-5,-0.5467968563943795,0,0,,0,0,,0.0,0.0,0.0,false,false,true
35353,1767421,432401,47,9,16814.920301,3965.931847,0,0,2.6592419123683604E-5,2.081401291856402E-5,-0.21729524411614176,0,0,,0,0,,0.0,0.0,0.0,false,false,true
40593,212730,46853,28,15,2010.161572,426.777894,91853.09,57653.51,1.3162224415926292E-4,3.201502571873733E-4,1.4323415789810685,45.694381626,135.090197526,1.956385287,3280.4675,3843.567333333,0.171652313,0.0,0.0,0.0,false,false,true
42088,38889,7229,0,0,273.720335,38.13771,0,0,0.0,0.0,,0,0,,,,,0.0,0.0,0.0,false,false,true
37545,331758,103657,49,77,3123.636969,941.550594,14462.91,17202.72,1.4769802084652064E-4,7.42834540841429E-4,4.029414318376955,4.630150732,18.270627314,2.946011344,295.161428571,223.411948052,-0.243085558,0.0,0.0,0.0,false,false,true
43979,28958,5256,0,0,267.581494,47.021363,0,0,0.0,0.0,,0,0,,,,,0.0,0.0,0.0,false,false,true
39892,290529,86456,0,0,2080.176268,469.410657,0,0,0.0,0.0,,0,0,,,,,0.0,0.0,0.0,false,false,true
46560,75143,32377,6,5,708.435734,295.848461,0,0,7.984775694342787E-5,1.5443061432498378E-4,0.9340632753703759,0,0,,0,0,,0.0,0.0,0.0,false,false,true
45261,27055,22605,0,0,247.602728,200.145647,0,0,0.0,0.0,,0,0,,,,,0.0,0.0,0.0,false,false,true
43483,73810,12296,3,0,716.636588,116.410277,0,0,4.064489906516732E-5,0.0,-1.0,0,0,,0,,,0.0,0.0,0.0,false,false,true
43486,251080,1215566,229,999,2389.371915,11259.194331,216570.21,480535.45,9.120599012267007E-4,8.218393735922195E-4,-0.09891951999329929,90.638970284,42.679381479,-0.529127688,945.721441048,481.016466466,-0.491376165,0.0,0.0,0.0,false,false,true
39991,37573,13980,0,0,266.71599,75.607244,0,0,0.0,0.0,,0,0,,,,,0.0,0.0,0.0,false,false,true
39288,47655,327899,0,0,330.85108,2271.128836,0,0,0.0,0.0,,0,0,,,,,0.0,0.0,0.0,false,false,true
47124,18340,8893,1,0,170.659526,83.216683,0,0,5.452562704471101E-5,0.0,-1.0,0,0,,0,,,0.0,0.0,0.0,false,false,true
39743,4335880,9283117,330,775,39819.251053,80011.087763,37522.7,200073,7.610911741099846E-5,8.348488982741465E-5,0.09691049728754741,0.942325609,2.500565929,1.653611347,113.705151515,258.158709677,1.270422283,0.0,0.0,0.0,false,false,true
37251,1004161,78319,156,55,9227.752551,707.545725,13371.2,129539.4,1.5535357377950348E-4,7.02256157509672E-4,3.5203733678273705,1.449020217,183.082725855,125.349324673,85.712820513,2355.261818182,26.478524264,0.0,0.0,0.0,false,false,true
40867,1388657,671088,90,39,13010.019699,6043.16189,0,0,6.481082081464321E-5,5.8114584078392104E-5,-0.10331973352724722,0,0,,0,0,,0.0,0.0,0.0,false,false,true
38385,262650,31184,5,0,2530.874565,286.003781,0,0,1.9036740909956216E-5,0.0,-1.0,0,0,,0,,,0.0,0.0,0.0,false,false,true
37550,6053362,772724,4494,1256,54602.567866,7442.222326,0,0,7.423973652988207E-4,0.0016254186488319244,1.1894186655386103,0,0,,0,0,,0.0,0.0,0.0,false,false,true
44724,259941,38804,2,0,2411.237002,354.416229,0,0,7.694053650636106E-6,0.0,-1.0,0,0,,0,,,0.0,0.0,0.0,false,false,true
38420,316119,49593,18,1,2863.218645,463.379554,0,0,5.6940582502158996E-5,2.0164136067590184E-5,-0.6458740816916366,0,0,,0,0,,0.0,0.0,0.0,false,false,true
45184,30115,12623,0,0,291.021136,112.43554,0,0,0.0,0.0,,0,0,,,,,0.0,0.0,0.0,false,false,true
40926,318326,166975,4,3,1858.690773,832.143054,0,0,1.2565734498595779E-5,1.7966761491241205E-5,0.4298218296152121,0,0,,0,0,,0.0,0.0,0.0,false,false,true
44769,122141,31058,52,18,1161.911405,276.187288,38108.98,13107.12,4.257374673533048E-4,5.795608216884538E-4,0.36131035234325837,32.798524772,47.457361615,0.446935859,732.865,728.173333333,-0.006401816,0.0,0.0,0.0,false,false,true
47220,35440,256192,0,0,344.419304,2364.822922,0,0,0.0,0.0,,0,0,,,,,0.0,0.0,0.0,false,false,true
35255,718027,118296,2423,214,6557.076781,1061.068953,15323.61,3756.44,0.0033745249134085487,0.0018090214377493744,-0.4639181857685225,2.336957536,3.540241178,0.514893242,6.324230293,17.553457944,1.775588037,0.0,0.0,0.0,false,false,true
39781,437456,75093,5,1,3265.56165,649.441194,0,0,1.1429720931933726E-5,1.3316820475943164E-5,0.16510460362483848,0,0,,0,0,,0.0,0.0,0.0,false,false,true
35724,1333210,206108,3228,1757,12963.405319,1894.179826,30366.21,21322.92,0.0024212239632165973,0.008524656975954354,2.520804810071904,2.342456265,11.257072696,3.805670383,9.407128253,12.135981787,0.29008359,0.0,0.0,0.0,false,false,true
38948,139870,46084,0,0,1270.974252,433.604515,0,0,0.0,0.0,,0,0,,,,,0.0,0.0,0.0,false,false,true
37701,357109,41066,0,0,3440.151635,384.194516,0,0,0.0,0.0,,0,0,,,,,0.0,0.0,0.0,false,false,true
40843,864082,158878,244,320,8636.24901,1459.856174,18712.3,22058.72,2.823806073960573E-4,0.0020141240448646133,6.132657102191413,2.166716126,15.110200849,5.97377966,76.689754098,68.9335,-0.101138075,0.0,0.0,0.0,false,false,true
43455,60716,71864,27,49,598.115675,637.33828,2573.14,2806.15,4.4469332630608075E-4,6.818434821329177E-4,0.5332892170808234,4.30207752,4.402920848,0.023440612,95.301481481,57.268367347,-0.399082087,0.0,0.0,0.0,false,false,true
33126,3304189,177176,2882,965,23114.846519,931.501529,367230.81,93074.59,8.722261347640828E-4,0.005446561611053416,5.244437530556897,15.887226839,99.918880541,5.289258758,127.422210271,96.450352332,-0.24306483,0.0,0.0,0.0,false,false,true
46429,55404,25214,1,0,524.683448,235.313616,0,0,1.8049238322142805E-5,0.0,-1.0,0,0,,0,,,0.0,0.0,0.0,false,false,true
39989,13286,5253,0,0,124.450687,46.813665,0,0,0.0,0.0,,0,0,,,,,0.0,0.0,0.0,false,false,true
35514,1146394,139330,537,27,7906.054539,774.19954,0,0,4.6842534067694E-4,1.9378454030000717E-4,-0.586306453831124,0,0,,0,0,,0.0,0.0,0.0,false,false,true
38401,6244,19582,7,126,61.2112,184.217771,0,0,0.0011210762331838565,0.0064344806454907566,4.739556735777755,0,0,,0,0,,0.0,0.0,0.0,false,false,true
47134,3906,41739,0,0,35.167443,375.343161,0,0,0.0,0.0,,0,0,,,,,0.0,0.0,0.0,false,false,true
39036,15094,4778954,52,0,140.154858,42287.145502,0,0,0.0034450775142440705,0.0,-1.0,0,0,,0,,,0.0,0.0,0.0,false,false,true
36512,585441,114701,32,55,5279.364101,1041.479449,0,0,5.465964973413205E-5,4.795075892973906E-4,7.7726063308079265,0,0,,0,0,,0.0,0.0,0.0,false,false,true
45959,494456,217359,41,63,3321.880597,2068.915812,17410.97,31299.9,8.291941042276765E-5,2.898430706803031E-4,2.4954791550317057,5.241299165,15.128648454,1.886431012,424.657804878,496.823809524,0.169939193,0.0,0.0,0.0,false,false,true
38831,1698239,1609268,31,18,15547.583366,14647.077179,0,0,1.8254203324738155E-5,1.1185209672969325E-5,-0.38725292613504014,0,0,,0,0,,0.0,0.0,0.0,false,false,true
36425,3634805,1934117,35725,17511,26388.859241,12851.775475,0,0,0.009828587778436532,0.00905374390484133,-0.07883572808854333,0,0,,0,0,,0.0,0.0,0.0,false,false,true
41119,49839,121980,53,371,495.484597,1112.754898,4955.5,32122.38,0.001063424226007745,0.0030414822101983933,1.8600836202656175,10.00131998,28.86743528,1.886362534,93.5,86.583234501,-0.073976102,0.0,0.0,0.0,false,false,true
43096,1439907,320061,57,20,13525.531275,2719.955183,0,0,3.958588992205747E-5,6.248808820818532E-5,0.5785444846944472,0,0,,0,0,,0.0,0.0,0.0,false,false,true
43953,1690232,568656,692,812,11598.380798,2819.720772,351811,313176.6,4.094112524197862E-4,0.0014279283081511493,2.487760289223892,30.332768524,111.066529392,2.661602115,508.397398844,385.68546798,-0.2413701,0.0,0.0,0.0,false,false,true
44720,1907427,471749,222,52,13779.43552,4299.96628,0,0,1.1638715400379674E-4,1.1022810859164513E-4,-0.052918601411550026,0,0,,0,0,,0.0,0.0,0.0,false,false,true
45594,587891,208854,95,11,5693.603132,1823.722204,94845.94,4001.77,1.6159458130843982E-4,5.266837120668027E-5,-0.6740709324519318,16.658333537,2.194287042,-0.868276918,998.378315789,363.797272727,-0.635611805,0.0,0.0,0.0,false,false,true
32371,2204377,195678,551,303,14851.191281,840.229392,71045.89,49440.78,2.4995724415560495E-4,0.0015484622696470733,5.194908552772789,4.783851252,58.842002518,11.300132136,128.939909256,163.170891089,0.265480114,0.0,0.0,0.0,false,false,true
36537,6169061,583182,621,112,54226.279943,5696.754114,0,0,1.0066361801253059E-4,1.920498232112788E-4,0.9078374789526489,0,0,,0,0,,0.0,0.0,0.0,false,false,true
44846,135646,17763,1,1,1312.897693,162.221025,0,0,7.372130398242484E-6,5.629679671226707E-5,6.63643528683218,0,0,,0,0,,0.0,0.0,0.0,false,false,true
40449,152054,55661,1,0,1157.694465,525.903128,0,0,6.576610940849961E-6,0.0,-1.0,0,0,,0,,,0.0,0.0,0.0,false,false,true
42421,90034,10209,0,0,828.938856,90.161348,0,0,0.0,0.0,,0,0,,,,,0.0,0.0,0.0,false,false,true
44844,587479,381634,66,5,5496.603609,3427.833313,0,0,1.123444412481127E-4,1.3101558037281793E-5,-0.8833804513002383,0,0,,0,0,,0.0,0.0,0.0,false,false,true
40967,220822,35550,8,2,2008.793643,322.948833,0,0,3.62282743567217E-5,5.6258790436005626E-5,0.5528973277074545,0,0,,0,0,,0.0,0.0,0.0,false,false,true
34141,639190,633000,54,9,3827.66906,3236.224758,0,0,8.448192243307936E-5,1.4218009478672985E-5,-0.8317035281727225,0,0,,0,0,,0.0,0.0,0.0,false,false,true
38173,114955,30849,201,67,684.813898,133.806313,17531.63,3702.38,0.0017485102866339002,0.002171869428506597,0.2421256226565962,25.600575647,27.669695973,0.080823195,87.222039801,55.259402985,-0.36645138,0.0,0.0,0.0,false,false,true
36122,293973,512035,331,533,2240.722231,4454.846678,201277.2,372780.53,0.0011259537440513245,0.0010409444666868476,-0.07549979545216723,89.826930449,83.679766543,-0.068433418,608.088217523,699.400619137,0.150163083,0.0,0.0,0.0,false,false,true
38685,2073885,349411,587,200,19427.311713,3241.9472,0,0,2.830436596050408E-4,5.72391825099954E-4,1.0222739696719216,0,0,,0,0,,0.0,0.0,0.0,false,false,true
39118,5604839,1219069,86,30,56368.787454,11059.196993,9996,3370,1.5343884097295212E-5,2.460894338220396E-5,0.6038275071787054,0.177332181,0.304723752,0.718378189,116.23255814,112.333333333,-0.033546752,0.0,0.0,0.0,false,false,true
46601,155649,63131,5,7,1511.876847,567.467844,0,0,3.2123560061420245E-5,1.1088054996752784E-4,2.4516893443791483,0,0,,0,0,,0.0,0.0,0.0,false,false,true
34114,17645759,5235385,299609,36839,161942.883316,57199.409107,0,0,0.01697909395679721,0.007036540770163035,-0.5855761922239608,0,0,,0,0,,0.0,0.0,0.0,false,false,true
46045,24985,20421,0,7,242.164028,188.141544,0,6595.43,0.0,3.427843886195583E-4,,0,35.055681269,,,942.204285714,,0.0,0.0,0.0,false,false,true
39723,278511,233870,212,60,1631.657425,1170.67787,49681.08,12620.51,7.611907608676138E-4,2.565527857356651E-4,-0.6629586183583687,30.448229658,10.780514712,-0.645939523,234.344716981,210.341833333,-0.102425538,0.0,0.0,0.0,false,false,true
41728,41438,9212,0,0,401.878307,83.352027,0,0,0.0,0.0,,0,0,,,,,0.0,0.0,0.0,false,false,true
39426,1475271,435897,961,404,8342.951346,1980.967384,0,0,6.514057417247407E-4,9.268244562362209E-4,0.42280670382525076,0,0,,0,0,,0.0,0.0,0.0,false,false,true
43496,1760721,846363,1312,298,13346.882881,7718.821728,254930.26,62862.92,7.451492882745193E-4,3.520947867522564E-4,-0.5274842339746801,19.100359408,8.144108287,-0.573614919,194.30660061,210.949395973,0.085652239,0.0,0.0,0.0,false,false,true
37506,85572,17343,8,0,801.335976,155.089907,0,0,9.348852428364418E-5,0.0,-1.0,0,0,,0,,,0.0,0.0,0.0,false,false,true
40236,6305474,288507,1682,203,59059.087822,2791.390133,2109812.24,290387.23,2.667523488321417E-4,7.036224424364053E-4,1.6377366329365342,35.723752564,104.029611113,1.912057207,1254.347348395,1430.478965517,0.140416941,0.0,0.0,0.0,false,false,true
30422,920039,863429,371,436,5376.035526,3849.808433,232563.05,285134.92,4.032437755356023E-4,5.049633496211038E-4,0.25225330248531175,43.25921004,74.064703468,0.7121141,626.85458221,653.979174312,0.043270948,0.0,0.0,0.0,false,false,true
32148,3123619,632741,1654,642,18186.108657,2811.743649,413518.69,173204.85,5.295140028281298E-4,0.001014633159539211,0.916159259472014,22.738162286,61.600512572,1.709124502,250.011299879,269.789485981,0.079109169,0.0,0.0,0.0,false,false,true
30496,7242986,2373316,2604,1406,44967.670524,15900.417288,844529.33,425805.32,3.59520231020742E-4,5.924200570004163E-4,0.6478072883921726,18.780811195,26.77950599,0.425897194,324.320019201,302.848733997,-0.066204008,0.0,0.0,0.0,false,false,true
35176,4895046,1577622,5358,1659,45913.623954,14365.526653,0,0,0.0010945760264561353,0.0010515826985171353,-0.03927852145473876,0,0,,0,0,,0.0,0.0,0.0,false,false,true
32394,872464,211264,77,23,4917.617569,1002.100831,73210.95,20812.9,8.825579049679987E-5,1.0886852468948804E-4,0.2335567340868765,14.887483415,20.769267279,0.39508248,950.791558442,904.908695652,-0.048257541,0.0,0.0,0.0,false,false,true
38876,1449049,44644,2272,62,13597.489995,408.374243,352790.66,8879.29,0.0015679248941892234,0.0013887644476301407,-0.11426596211531348,25.945278145,21.743021633,-0.161966138,155.277579225,143.214354839,-0.077688128,0.0,0.0,0.0,false,false,true
43477,528377,71898,44,21,4980.709252,656.082681,0,0,8.327387452519697E-5,2.920804473003422E-4,2.5074679659821113,0,0,,0,0,,0.0,0.0,0.0,false,false,true
32704,9668886,8655126,7695,6414,56700.797904,43121.477533,4736220.62,4758992.36,7.958517661703738E-4,7.410637349473595E-4,-0.06884200494603843,83.530052399,110.362460478,0.321230591,615.49325796,741.969497973,0.205487612,0.0,0.0,0.0,false,false,true
35094,6440483,2777559,8246,4405,38860.00915,15727.90243,970294.69,460568.19,0.0012803387572019056,0.0015859249074457104,0.23867601330107568,24.968977394,29.283510122,0.172795732,117.668528984,104.555775255,-0.11143807,0.0,0.0,0.0,false,false,true
32680,1528908,385026,495,154,10663.96776,1914.738543,0,0,3.2376048787762245E-4,3.999729888371175E-4,0.2353977826605651,0,0,,0,0,,0.0,0.0,0.0,false,false,true
32170,1872715,883557,766,1527,11363.003911,3887.110961,123696.65,225326.6,4.090318067618404E-4,0.001728241641456069,3.2252011038895594,10.885911064,57.967627439,4.325013873,161.483877285,147.5616241,-0.086214509,0.0,0.0,0.0,false,false,true
42723,31422,5953,0,0,294.709647,52.144994,0,0,0.0,0.0,,0,0,,,,,0.0,0.0,0.0,false,false,true
41232,35900,3877,8,0,338.649561,32.595276,0,0,2.2284122562674094E-4,0.0,-1.0,0,0,,0,,,0.0,0.0,0.0,false,false,true
47083,77878,36822,0,2,729.832374,310.509967,0,0,0.0,5.4315354950844607E-5,,0,0,,,0,,0.0,0.0,0.0,false,false,true
44784,420593,183727,5,2,2761.230322,1085.224012,0,0,1.1887977213125278E-5,1.0885716307347315E-5,-0.08430878422877419,0,0,,0,0,,0.0,0.0,0.0,false,false,true
35835,30507,5154,7,0,288.422429,46.763645,0,0,2.294555347952929E-4,0.0,-1.0,0,0,,0,,,0.0,0.0,0.0,false,false,true
35475,331062,20418,890,371,3185.522212,187.728323,89000,37100,0.0026883182002162736,0.01817024194338329,5.758962514899279,27.938904229,197.626012991,6.073506225,100,100,0,0.0,0.0,0.0,false,false,true
45682,99974,33868,0,0,937.803053,312.79667,0,0,0.0,0.0,,0,0,,,,,0.0,0.0,0.0,false,false,true
40224,346785,50473,305,22,3352.913163,486.137326,0,0,8.795074758135445E-4,4.358766072949894E-4,-0.504408297505597,0,0,,0,0,,0.0,0.0,0.0,false,false,true
39779,57042,39979,0,0,413.01645,360.58384,0,0,0.0,0.0,,0,0,,,,,0.0,0.0,0.0,false,false,true
34200,1673764,284426,386,188,11526.31638,1460.584308,0,0,2.3061793657887253E-4,6.609803604452476E-4,1.8661272850266304,0,0,,0,0,,0.0,0.0,0.0,false,false,true
32205,4827320,234664,3081,192,32670.269947,1186.81366,1536277.25,91651.1,6.382423373631746E-4,8.181911158081341E-4,0.2819442834024415,47.023708482,77.224507173,0.642246213,498.629422265,477.349479167,-0.04267687,0.0,0.0,0.0,false,false,true
32230,811124,351387,4607,5836,5973.977586,1830.428399,612169.44,663727.5,0.005679772759775324,0.01660846872536548,1.9241431704782617,102.472671045,362.607737272,2.538579931,132.878107228,113.729866347,-0.144103805,0.0,0.0,0.0,false,false,true
42944,18612,3168,14,7,183.153075,28.573963,0,0,7.522028798624544E-4,0.0022095959595959595,1.9374999999999996,0,0,,0,0,,0.0,0.0,0.0,false,false,true
43824,122665,20237,11,3,1149.050142,187.250543,0,0,8.967513145559043E-5,1.4824331669713891E-4,0.6531151311504131,0,0,,0,0,,0.0,0.0,0.0,false,false,true
37398,1115362,26810,389,36,10358.17743,249.260023,58429.31,4717.88,3.487656922147249E-4,0.0013427825438269301,2.8500992895832713,5.640887154,18.927543788,2.355419683,150.203881748,131.052222222,-0.127504425,0.0,0.0,0.0,false,false,true
31116,12192096,4438433,3376,1167,57629.613958,19916.628201,3101640.23,1135304.09,2.769007068185815E-4,2.62930633401473E-4,-0.050451562863872756,53.820249989,57.002825907,0.059133429,918.732295616,972.839837189,0.058893697,0.0,0.0,0.0,false,false,true
43391,100160,23086,36,2,980.137749,205.211607,0,0,3.594249201277955E-4,8.663259118080222E-5,-0.7589688796480791,0,0,,0,0,,0.0,0.0,0.0,false,false,true
32301,492901,149991,93,302,3366.816257,658.921125,32490.54,111426.16,1.8867886248962774E-4,0.002013454140581768,9.671328595127893,9.650226659,169.103942448,16.523313019,349.360645161,368.960794702,0.056102912,0.0,0.0,0.0,false,false,true
35767,87348,48950,0,0,722.168328,292.569782,0,0,0.0,0.0,,0,0,,,,,0.0,0.0,0.0,false,false,true
39273,1756824,1166193,4559,2767,12052.409846,7327.984776,426813.58,259046.54,0.002595023747398715,0.0023726775928169692,-0.08568174175848231,35.413131934,35.350310886,-0.001773948,93.62,93.62,0,0.0,0.0,0.0,false,false,true
39294,6614175,1285379,3335,583,50064.099882,11306.586129,892214.99,136521.87,5.04220103036282E-4,4.5356272352356774E-4,-0.10046679854228091,17.82145274,12.074543849,-0.322471404,267.530731634,234.171303602,-0.124693817,0.0,0.0,0.0,false,false,true
37414,2208145,2440050,2158,4980,15540.539614,13039.327069,95891.93,365644.99,9.7729089348752E-4,0.0020409417839798365,1.0883667264069303,6.170437603,28.041707065,3.544524857,44.43555607,73.422688755,0.652340946,0.0,0.0,0.0,false,false,true
42863,2759553,828385,131,47,21034.903788,4673.526041,0,0,4.7471456427906985E-5,5.6736903734374716E-5,0.19517933519774777,0,0,,0,0,,0.0,0.0,0.0,false,false,true
43938,114957,1154031,1,1018,1079.850691,10592.713456,153.94,72927.98,8.698904807884687E-6,8.82125350185567E-4,100.40648388128223,0.142556745,6.884730745,47.29466852,153.94,71.63848723,-0.534633706,0.0,0.0,0.0,false,false,true
40832,17748,5105,0,0,134.864711,29.483056,0,0,0.0,0.0,,0,0,,,,,0.0,0.0,0.0,false,false,true
32813,1385337,471745,131,49,8703.143503,4314.233889,0,0,9.45618286380859E-5,1.0386967535426979E-4,0.09843133165082474,0,0,,0,0,,0.0,0.0,0.0,false,false,true
40030,165924,47531,0,0,1281.82976,283.910676,0,0,0.0,0.0,,0,0,,,,,0.0,0.0,0.0,false,false,true
44484,1566108,2283938,450,524,15571.032549,20772.90804,313344.28,389894.82,2.873365055283544E-4,2.2942829446333482E-4,-0.2015344724769237,20.123538951,18.769390364,-0.067291772,696.320622222,744.074083969,0.068579703,0.0,0.0,0.0,false,false,true
36114,806597,23676,2223,296,7787.339064,218.613367,814135.24,29064.5,0.002756023144147573,0.01250211184321676,3.5362869574462925,104.546011585,132.949326927,0.271682438,366.232676563,98.190878378,-0.731889357,0.0,0.0,0.0,false,false,true
40023,29867,2671,0,0,282.094648,23.521162,0,0,0.0,0.0,,0,0,,,,,0.0,0.0,0.0,false,false,true
44966,707871,82829,178,82,6781.505771,792.961445,104913.75,36692,2.514582459233391E-4,9.899914281230003E-4,2.9370012484093055,15.470568564,46.272110998,1.990976757,589.403089888,447.463414634,-0.240819361,0.0,0.0,0.0,false,false,true
39151,60999,4621,10,0,585.038198,42.381839,0,0,1.639371137231758E-4,0.0,-1.0,0,0,,0,,,0.0,0.0,0.0,false,false,true
45238,351716,368077,66,1508,3365.969267,3490.488075,10205.9,169025.45,1.8765140056181692E-4,0.004096968840758863,20.832871102974913,3.032083537,48.424588874,14.970730451,154.634848485,112.085842175,-0.27515794,0.0,0.0,0.0,false,false,true
46064,441746,1641738,374,725,3861.001234,14384.494777,0,0,8.466403770492545E-4,4.416051769527172E-4,-0.4784028863685694,0,0,,0,0,,0.0,0.0,0.0,false,false,true
39263,1291305,341914,712,517,8122.286204,1625.834191,199425.78,76749.04,5.513801929056264E-4,0.0015120761361044005,1.7423475771520969,24.552912196,47.205945369,0.922621031,280.09238764,148.450754352,-0.469993613,0.0,0.0,0.0,false,false,true
39356,73645,13412,20,4,676.054589,114.556152,0,0,2.715730871070677E-4,2.9824038174768865E-4,0.09819564569042649,0,0,,0,0,,0.0,0.0,0.0,false,false,true
34817,2198902,1085695,2894,1572,13427.519934,5437.158474,216002.55,120109.64,0.001316111404691978,0.0014479204564817928,0.10015037581158515,16.086555899,22.090516687,0.373228479,74.638061507,76.40562341,0.023681777,0.0,0.0,0.0,false,false,true
43413,3664493,2230487,1050,2331,24140.105616,12207.733474,133088.04,377271.72,2.86533498631325E-4,0.0010450632530025954,2.6472637858907047,5.513150693,30.904321495,4.605564443,126.750514286,161.84972973,0.276915764,0.0,0.0,0.0,false,false,true
39995,31675,6024,0,0,298.241551,52.254626,0,0,0.0,0.0,,0,0,,,,,0.0,0.0,0.0,false,false,true
40261,69637,27475,3,4,652.215388,265.186165,0,0,4.308054626132659E-5,1.4558689717925386E-4,2.379411586290567,0,0,,0,0,,0.0,0.0,0.0,false,false,true
44550,95440,18458,12,16,912.494916,162.992445,1263.21,1639.49,1.2573344509639564E-4,8.668328096218442E-4,5.894210279192401,1.384347439,10.058687076,6.266013425,105.2675,102.468125,-0.026592966,0.0,0.0,0.0,false,false,true
38764,1935191,1224794,26,13,12652.667964,7271.341069,0,0,1.3435366328181559E-5,1.0614029787866367E-5,-0.2099932723380421,0,0,,0,0,,0.0,0.0,0.0,false,false,true
45126,1266518,558155,123,39,12122.162873,5069.276786,0,0,9.711666158712312E-5,6.98730639338535E-5,-0.28052444563108725,0,0,,0,0,,0.0,0.0,0.0,false,false,true
46132,42337,10642,0,0,421.560099,96.246987,0,0,0.0,0.0,,0,0,,,,,0.0,0.0,0.0,false,false,true
44243,2629365,730070,190,195,18565.000117,3950.966238,0,0,7.226079300515524E-5,2.6709767556535674E-4,2.69630147217318,0,0,,0,0,,0.0,0.0,0.0,false,false,true
40381,122447,5758,2,0,1209.531972,52.609406,0,0,1.6333597393157855E-5,0.0,-1.0,0,0,,0,,,0.0,0.0,0.0,false,false,true
37045,1585102,258807,302,109,14431.313677,2350.789341,43245.46,22848.29,1.9052401675097248E-4,4.211632606536917E-4,1.210552075459232,2.996640567,9.719411945,2.243436017,143.196887417,209.61733945,0.463840054,0.0,0.0,0.0,false,false,true
38368,905268,110626,120,11,8627.937695,981.641818,0,0,1.3255743050676706E-4,9.94341294089997E-5,-0.24987887115144725,0,0,,0,0,,0.0,0.0,0.0,false,false,true
42473,23199,80575,1,247,209.522767,685.508772,0,0,4.3105306263201E-5,0.0030654669562519394,70.11576791808875,0,0,,0,0,,0.0,0.0,0.0,false,false,true
43297,424386,581868,479,282,4234.005677,5066.590629,35091.54,20659.32,0.0011286894478140183,4.8464600218606284E-4,-0.5706117363596357,8.288023842,4.077558562,-0.508017998,73.26,73.26,0,0.0,0.0,0.0,false,false,true
39820,26622,8685,1,0,205.610787,47.674055,0,0,3.75629178874615E-5,0.0,-1.0,0,0,,0,,,0.0,0.0,0.0,false,false,true
36210,139950,47684,458,610,1310.53795,460.868747,0,0,0.0032725973561986425,0.012792550960489892,2.908990189782883,0,0,,0,0,,0.0,0.0,0.0,false,false,true
9217,392978,6536592,123,6151,2665.325613,42865.398253,8524.81,476858.21,3.1299462056400104E-4,9.410102389746829E-4,2.0064741600958773,3.198412216,11.12454869,2.478147261,69.307398374,77.525314583,0.118571991,0.0,0.0,0.0,false,false,true
40639,782318,15472,667,79,7310.903263,144.077696,0,0,8.525944692567472E-4,0.005105997931747673,4.988776746580174,0,0,,0,0,,0.0,0.0,0.0,false,false,true
41942,183819,29872,2,1,1719.176954,277.618068,0,0,1.0880268089805732E-5,3.3476164970540974E-5,2.076777584359936,0,0,,0,0,,0.0,0.0,0.0,false,false,true
40743,29737,5286,0,0,283.19191,46.589431,0,0,0.0,0.0,,0,0,,,,,0.0,0.0,0.0,false,false,true
44115,768182,408436,1,1,5015.192398,2375.308307,0,0,1.301774839816606E-6,2.44836400317308E-6,0.8807891566855028,0,0,,0,0,,0.0,0.0,0.0,false,false,true
47219,57436,174044,11,90,501.316179,1622.004266,0,0,1.9151751514729439E-4,5.171106157063731E-4,1.7000695748828405,0,0,,0,0,,0.0,0.0,0.0,false,false,true
43335,30489,5315,0,0,288.79704,47.356147,0,0,0.0,0.0,,0,0,,,,,0.0,0.0,0.0,false,false,true
45466,279651,70883,0,0,1693.160148,395.493612,0,0,0.0,0.0,,0,0,,,,,0.0,0.0,0.0,false,false,true
35335,238750,295739,12,140,2243.454106,2818.294321,4340.67,49519.19,5.026178010471204E-5,4.7339038814630467E-4,8.418496264160853,1.934815599,17.570624058,8.081291296,361.7225,353.7085,-0.022155105,0.0,0.0,0.0,false,false,true
34104,179604,185980,381,2101,1395.346122,961.315868,0,0,0.00212133360058796,0.01129691364662867,4.325382883435947,0,0,,0,0,,0.0,0.0,0.0,false,false,true
40686,126148,10027,127,11,1156.707558,92.62665,0,0,0.0010067539715255098,0.001097037997407001,0.08967834092045956,0,0,,0,0,,0.0,0.0,0.0,false,false,true
30181,8570680,12443244,390,414,52479.689342,86518.692456,774327.81,957354,4.550397401373053E-5,3.327106661253287E-5,-0.2688316277058891,14.754809331,11.065285117,-0.250055703,1985.455923077,2312.449275362,0.16469434,0.0,0.0,0.0,false,false,true
43078,292153,60026,0,0,2841.61271,545.682762,0,0,0.0,0.0,,0,0,,,,,0.0,0.0,0.0,false,false,true
38326,701015,27052,789,21,7264.115151,249.48882,0,0,0.0011255108663865965,7.762827147715511E-4,-0.3102841225658062,0,0,,0,0,,0.0,0.0,0.0,false,false,true
36618,807513,3179746,1861,5816,7987.675033,28718.481054,86626.7,248933.8,0.0023046068608183396,0.0018290769136905904,-0.20633885770820537,10.845045604,8.668069858,-0.200734587,46.548468565,42.801547455,-0.080495046,0.0,0.0,0.0,false,false,true
40291,223310,90178,7,2,2031.01427,802.483479,0,0,3.134655859567417E-5,2.2178358357914347E-5,-0.29247868501344954,0,0,,0,0,,0.0,0.0,0.0,false,false,true
44093,100887,38802,5,3,758.9294,350.489979,0,0,4.956039925857643E-5,7.731560228854182E-5,0.5600278336168236,0,0,,0,0,,0.0,0.0,0.0,false,false,true
44709,33659,13152,0,2,317.569803,119.143697,0,104.85,0.0,1.5206812652068127E-4,,0,0.880029768,,,52.425,,0.0,0.0,0.0,false,false,true
45541,364554,196931,2,3,3496.775411,1788.944263,0,0,5.486155686126061E-6,1.5233762079103849E-5,1.776764450492812,0,0,,0,0,,0.0,0.0,0.0,false,false,true
40013,32707,3016,0,0,289.853317,26.632666,0,0,0.0,0.0,,0,0,,,,,0.0,0.0,0.0,false,false,true
39971,2410279,4101156,350,100,22508.011115,37076.41789,16451,6942,1.452114049867256E-4,2.4383368981818786E-5,-0.8320836508396309,0.730895321,0.187234916,-0.743828,47.002857143,69.42,0.476931494,0.0,0.0,0.0,false,false,true
42745,57925,6514,0,0,523.940948,59.075422,0,0,0.0,0.0,,0,0,,,,,0.0,0.0,0.0,false,false,true
45983,1504,22184,0,0,5.105984,680.82696,0,0,0.0,0.0,,0,0,,,,,0.0,0.0,0.0,false,false,true
40022,59013,12734,0,0,553.902629,116.154342,0,0,0.0,0.0,,0,0,,,,,0.0,0.0,0.0,false,false,true
40002,1226495,214362,355,241,11717.150981,1983.603943,68577.99,54262.41,2.894426801576851E-4,0.0011242664278183633,2.884245499681925,5.852787091,27.355465889,3.673921238,193.17743662,225.155228216,0.165535852,0.0,0.0,0.0,false,false,true
40044,30571,7227,0,0,213.296304,43.381723,0,0,0.0,0.0,,0,0,,,,,0.0,0.0,0.0,false,false,true
40038,28682,5239,0,0,266.472626,46.919639,0,0,0.0,0.0,,0,0,,,,,0.0,0.0,0.0,false,false,true
41662,287575,50105,5,4,2703.024566,465.853399,0,0,1.7386768669042858E-5,7.983235206067258E-5,3.591557728769584,0,0,,0,0,,0.0,0.0,0.0,false,false,true
45807,31343,4971,0,1,275.789456,44.930627,0,0,0.0,2.011667672500503E-4,,0,0,,,0,,0.0,0.0,0.0,false,false,true
37141,300238,20476,23,6,2793.421831,189.882418,0,0,7.660589265849092E-5,2.930259816370385E-4,2.8251102032496163,0,0,,0,0,,0.0,0.0,0.0,false,false,true
43799,1115847,231598,27,3,10697.091417,2110.053071,994.13,236.9,2.4196865699329747E-5,1.2953479736439865E-5,-0.46466290727899207,0.092934608,0.112272058,0.208075876,36.81962963,78.966666667,1.144689326,0.0,0.0,0.0,false,false,true
36278,637713,71911,31,4,4276.829042,397.553586,13007.6,1093.33,4.8611209117581107E-5,5.5624313387381626E-5,0.14426928268410633,3.041412194,2.750144983,-0.095767095,419.6,273.3325,-0.348587941,0.0,0.0,0.0,false,false,true
47237,153732,2933318,3,419,1498.930568,26994.585621,1278.2,141947.95,1.9514479743970027E-5,1.4284165576320057E-4,6.31977780792945,0.852741299,5.258385959,5.166449268,426.066666667,338.777923628,-0.204871091,0.0,0.0,0.0,false,false,true
39895,7245,2260,0,0,71.635741,19.403547,0,0,0.0,0.0,,0,0,,,,,0.0,0.0,0.0,false,false,true
42867,1267314,222107,270,44,11821.832839,1974.900783,70397.65,19399.05,2.1304901547682738E-4,1.9810271625837997E-4,-0.07015427499158322,5.954884573,9.82279726,0.649536131,260.732037037,440.8875,0.69096021,0.0,0.0,0.0,false,false,true
46023,110159,48719,50,241,1062.953098,458.229991,0,0,4.5388937808077417E-4,0.00494673535992118,9.898548410271145,0,0,,0,0,,0.0,0.0,0.0,false,false,true
46329,187852,50812,0,0,1823.796006,465.226532,0,0,0.0,0.0,,0,0,,,,,0.0,0.0,0.0,false,false,true
47045,402576,197596,1,0,3541.837969,1812.120312,0,0,2.484003020547673E-6,0.0,-1.0,0,0,,0,,,0.0,0.0,0.0,false,false,true
37609,610560,100526,246,185,5701.407225,934.138928,0,0,4.0290880503144656E-4,0.0018403199172353421,3.5675842628748393,0,0,,0,0,,0.0,0.0,0.0,false,false,true
44592,199239,143584,20,144,1891.850599,1327.54668,0,0,1.003819533324299E-4,0.0010028972587474928,8.990812346779586,0,0,,0,0,,0.0,0.0,0.0,false,false,true
44346,708845,208684,150,123,6277.531691,1809.231838,11870.37,10115.13,2.1161184744196546E-4,5.894079086082307E-4,1.7853256598493417,1.890929522,5.590842361,1.956663533,79.1358,82.236829268,0.039186175,0.0,0.0,0.0,false,false,true
40431,299568,129953,0,0,2762.4278,1206.193273,0,0,0.0,0.0,,0,0,,,,,0.0,0.0,0.0,false,false,true
33446,1704267,849938,84,60,10045.691723,3972.766431,42000,30000,4.928805169612508E-5,7.05933844586311E-5,0.4322616137042601,4.180896762,7.551412982,0.80617064,500,500,0,0.0,0.0,0.0,false,false,true
46630,94452,17356,11,16,873.767511,160.867471,1046.48,2124.55,1.1646127133358743E-4,9.218713989398478E-4,6.91569067024241,1.197664123,13.20683409,10.02716015,95.134545455,132.784375,0.395753502,0.0,0.0,0.0,false,false,true
47062,23654,7907,0,0,230.122719,72.791292,0,0,0.0,0.0,,0,0,,,,,0.0,0.0,0.0,false,false,true
45260,25883,20648,0,1,239.375063,184.063027,0,0,0.0,4.8430840759395585E-5,,0,0,,,0,,0.0,0.0,0.0,false,false,true
30530,550192,8398,147,12,2920.039342,42.873651,207018.41,11268.38,2.6717945735306946E-4,0.0014289116456299119,4.3481343954585885,70.895760554,262.827628093,2.707240405,1408.288503401,939.031666667,-0.333210727,0.0,0.0,0.0,false,false,true
37937,440277,68201,137,8,4023.367254,658.550682,0,0,3.111677421259798E-4,1.1730033283969444E-4,-0.6230318347323931,0,0,,0,0,,0.0,0.0,0.0,false,false,true
42180,206102,66260,0,0,1625.471049,374.258055,0,0,0.0,0.0,,0,0,,,,,0.0,0.0,0.0,false,false,true
37693,1296803,247101,1574,19,11941.675572,2193.346899,0,0,0.0012137541322776088,7.689163540414649E-5,-0.9366497436677234,0,0,,0,0,,0.0,0.0,0.0,false,false,true
39982,33745,8897,0,0,248.923232,51.228414,0,0,0.0,0.0,,0,0,,,,,0.0,0.0,0.0,false,false,true
39269,2702742,523098,77,100,16175.08184,4886.734693,0,0,2.848958576142303E-5,1.9116876761142272E-4,5.7101280170341795,0,0,,0,0,,0.0,0.0,0.0,false,false,true
38927,7764969,3407426,82,29,48922.254604,19701.854532,0,0,1.0560248212195052E-5,8.510823125725988E-6,-0.19406978371042205,0,0,,0,0,,0.0,0.0,0.0,false,false,true
35821,1325045,2687223,272,222,12586.04165,40294.703729,0,0,2.0527604722858468E-4,8.261316608260647E-5,-0.5975508726032085,0,0,,0,0,,0.0,0.0,0.0,false,false,true
40287,1303502,369807,1889,990,12081.383788,3336.806461,506949.1,280757.3,0.0014491730737659014,0.002677072094362735,0.8473101265992662,41.961178363,84.13952181,1.005175381,268.369031233,283.593232323,0.056728606,0.0,0.0,0.0,false,false,true
34019,3968260,739388,12122,4732,26772.147052,3749.252863,0,0,0.0030547393567961776,0.006399887474505943,1.0950682618035765,0,0,,0,0,,0.0,0.0,0.0,false,false,true
33585,515579,149644,110,59,2657.822846,658.407863,163875.71,27053.43,2.1335236695055462E-4,3.9426906524818906E-4,0.8479713671963278,61.657875447,41.089166033,-0.333594196,1489.779181818,458.532711864,-0.692214311,0.0,0.0,0.0,false,false,true
30506,129076146,40531758,359,86,1027955.183428,325028.768651,0,0,2.7813039909016185E-6,2.121792990079532E-6,-0.2371229477178768,0,0,,0,0,,0.0,0.0,0.0,false,false,true
38016,7409996,2624103,0,0,72820.029414,24930.545506,0,0,0.0,0.0,,0,0,,,,,0.0,0.0,0.0,false,false,true
39510,5087274,2123750,42,7,34062.214567,13224.733653,0,0,8.255895003886168E-6,3.29605650382578E-6,-0.600763272513243,0,0,,0,0,,0.0,0.0,0.0,false,false,true
40924,36144,10705,0,0,270.462092,51.926988,0,0,0.0,0.0,,0,0,,,,,0.0,0.0,0.0,false,false,true
42255,35094,6159,0,0,272.13418,36.176894,0,0,0.0,0.0,,0,0,,,,,0.0,0.0,0.0,false,false,true
43383,1121780,11724,262,8,10757.511875,104.997517,153538.25,5469.14,2.3355738201786446E-4,6.82360968952576E-4,1.9215988082122926,14.272654475,52.088279383,2.649515896,586.023854962,683.6425,0.166577937,0.0,0.0,0.0,false,false,true
36738,431992,55464,22,4,4163.752278,510.854006,0,0,5.092686901609289E-5,7.211885186787827E-5,0.4161257752776577,0,0,,0,0,,0.0,0.0,0.0,false,false,true
37171,20062341,11314135,466,1034,191262.432552,104127.330119,61904.45,126589.28,2.3227598414362513E-5,9.139010626972367E-5,2.9345482317799014,0.323662358,1.21571618,2.756124708,132.842167382,122.426769826,-0.078404303,0.0,0.0,0.0,false,false,true
33835,185070,59367,125,74,1090.794562,265.578634,24036.72,12646.59,6.754201113092343E-4,0.0012464837367561104,0.8454939612916268,22.035973443,47.619003869,1.160966657,192.29376,170.899864865,-0.111256315,0.0,0.0,0.0,false,false,true
41212,1344187,798345,192,146,8970.663099,6285.179891,11854.85,10305.16,1.4283726892166045E-4,1.8287832954424466E-4,0.2803264226827582,1.321513234,1.639596667,0.240696366,61.744010417,70.583287671,0.143160076,0.0,0.0,0.0,false,false,true
30207,451301,730748,2,6,4282.817355,6316.999649,6095.5,16861.8,4.4316321036292855E-6,8.210764860115936E-6,0.852763196067591,1.423245377,2.669273538,0.875483723,3047.75,2810.3,-0.077909934,0.0,0.0,0.0,false,false,true
37553,255089,41422,71,21,2321.929058,376.873066,0,0,2.7833422844575817E-4,5.06976968760562E-4,0.8214682814670844,0,0,,0,0,,0.0,0.0,0.0,false,false,true
31577,9881650,3717151,3817,3020,49953.112724,17031.476993,205561.19,568337.44,3.862715234803904E-4,8.12450180259021E-4,1.1033136818853952,4.1150827,33.369826952,7.10915099,53.854123657,188.191205298,2.494462309,0.0,0.0,0.0,false,false,true
41698,5308349,903675,1143,429,50161.443479,8272.852388,75175.04,31110.76,2.153211855512891E-4,4.7472819321105485E-4,1.204744470431942,1.498661816,3.760584444,1.509294895,65.769938758,72.519254079,0.102620064,0.0,0.0,0.0,false,false,true
31932,7615199,3219687,433,188,56658.778679,29074.109647,182949.45,90081.14,5.685997174860434E-5,5.839076904059308E-5,0.02692223096340718,3.228969178,3.098328413,-0.040458969,422.516050808,479.155,0.134051592,0.0,0.0,0.0,false,false,true
44483,753291,418318,0,0,7266.487778,3566.84323,0,0,0.0,0.0,,0,0,,,,,0.0,0.0,0.0,false,false,true
38722,912237,505807,3,3,8986.708203,4515.374506,0,0,3.288619075963812E-6,5.931116018560439E-6,0.8035278278078395,0,0,,0,0,,0.0,0.0,0.0,false,false,true
39824,36974,15942,0,0,266.625108,78.792901,0,0,0.0,0.0,,0,0,,,,,0.0,0.0,0.0,false,false,true
47123,26768,16303,0,0,242.962259,149.803128,0,0,0.0,0.0,,0,0,,,,,0.0,0.0,0.0,false,false,true
38898,140370,44106,3,4,827.841495,199.016918,609.5,990.09,2.1372088053002777E-5,9.069060898743935E-5,3.2434135945222877,0.736252053,4.974903691,5.757065968,203.166666667,247.5225,0.218322395,0.0,0.0,0.0,false,false,true
46258,88046,35008,0,0,813.808298,321.540484,0,0,0.0,0.0,,0,0,,,,,0.0,0.0,0.0,false,false,true
40161,277768,226403,0,2,2252.574633,1422.873828,0,0,0.0,8.833805205761408E-6,,0,0,,,0,,0.0,0.0,0.0,false,false,true
32780,911166,167433,540,95,7412.91642,1345.488798,0,0,5.926472234477582E-4,5.673911355587011E-4,-0.042615719588001144,0,0,,0,0,,0.0,0.0,0.0,false,false,true
37888,770886,128982,146,45,7557.470414,1164.07724,0,0,1.8939246529318214E-4,3.4888589105456575E-4,0.8421318425444517,0,0,,0,0,,0.0,0.0,0.0,false,false,true
42563,90435,15045,1,0,860.505584,140.064353,0,0,1.105766572676508E-5,0.0,-1.0,0,0,,0,,,0.0,0.0,0.0,false,false,true
36216,82155,152993,381,121,794.604141,1373.76281,0,0,0.0046375753149534415,7.908858575228933E-4,-0.8294613448168155,0,0,,0,0,,0.0,0.0,0.0,false,false,true
33824,7518050,6437791,2464,2186,50886.923578,39930.868922,2030925.88,1926109.67,3.277445614221773E-4,3.3955746621783776E-4,0.0360430230921327,39.910565175,48.236107102,0.208604962,824.239399351,881.111468435,0.068999455,0.0,0.0,0.0,false,false,true
32535,1800674,688902,16834,3879,12856.072335,4306.330244,3035098.56,795104.39,0.009348721645339467,0.005630699286690995,-0.39770382515367586,236.082878263,184.636185557,-0.217917932,180.295744327,204.976640887,0.136891177,0.0,0.0,0.0,false,false,true
42181,49643,7680,0,0,361.931609,41.996697,0,0,0.0,0.0,,0,0,,,,,0.0,0.0,0.0,false,false,true
45968,597564,363187,65,114,4024.484521,3425.830545,13046.34,21055.61,1.0877495966959188E-4,3.1388788695630625E-4,1.8856630966332029,3.241741876,6.146132952,0.89593533,200.712923077,184.698333333,-0.079788533,0.0,0.0,0.0,false,false,true
45418,353730,57047,229,199,3330.452617,511.926503,0,0,6.473864246741866E-4,0.0034883517099935143,4.3883609186725145,0,0,,0,0,,0.0,0.0,0.0,false,false,true
42999,2554421,2076733,0,0,18800.304761,14504.706566,0,0,0.0,0.0,,0,0,,,,,0.0,0.0,0.0,false,false,true
39280,52328,25239,0,0,501.516064,238.524475,0,0,0.0,0.0,,0,0,,,,,0.0,0.0,0.0,false,false,true
45937,26805,17971,0,1,248.942004,163.520063,0,320,0.0,5.564520616548884E-5,,0,1.956946408,,,320,,0.0,0.0,0.0,false,false,true
47265,18253,40864,0,0,175.950075,381.672956,0,0,0.0,0.0,,0,0,,,,,0.0,0.0,0.0,false,false,true
36964,941781,394871,171,187,8603.934947,3607.59723,0,0,1.8157087475750733E-4,4.73572381866483E-4,1.6081957389859545,0,0,,0,0,,0.0,0.0,0.0,false,false,true
34030,1157498,107436,627,349,10799.191758,983.29896,0,0,5.416856011846241E-4,0.003248445586209464,4.996920684443832,0,0,,0,0,,0.0,0.0,0.0,false,false,true
43995,455298,71471,0,0,4310.304429,702.04915,0,0,0.0,0.0,,0,0,,,,,0.0,0.0,0.0,false,false,true
42963,149286,37688,0,0,1096.737058,212.239387,0,0,0.0,0.0,,0,0,,,,,0.0,0.0,0.0,false,false,true
40027,66049,15138,0,0,550.999407,95.548764,0,0,0.0,0.0,,0,0,,,,,0.0,0.0,0.0,false,false,true
43719,178278,140601,191,141,1599.233732,1199.906714,45038.92,38496.75,0.0010713604595070621,0.001002837817654213,-0.06395853164524734,28.162812664,32.083119088,0.139201523,235.805863874,273.026595745,0.15784481,0.0,0.0,0.0,false,false,true
40026,73831,4279,0,1,535.404302,23.704635,0,0,0.0,2.3369946249123628E-4,,0,0,,,0,,0.0,0.0,0.0,false,false,true
47141,545116,140679,14,49,5229.051185,1295.340944,3189.16,11974.76,2.5682607004747612E-5,3.4831069313827936E-4,12.562123700054736,0.609892672,9.244485057,14.157560472,227.797142857,244.382857143,0.072809141,0.0,0.0,0.0,false,false,true
33556,3766322,556563,2897,2018,27164.492255,3054.647369,0,0,7.691854281179358E-4,0.003625824929073618,3.7138502583770823,0,0,,0,0,,0.0,0.0,0.0,false,false,true
38234,84430,286555,2,60,645.697822,2583.566871,200,18494.47,2.3688262465948122E-5,2.0938388790982533E-4,7.839140828113276,0.309742411,7.158502537,22.111147466,100,308.241166667,2.082411667,0.0,0.0,0.0,false,false,true
44359,317171,30806,32,26,2606.657823,180.083155,0,0,1.0089194787669743E-4,8.439914302408621E-4,7.3653001850288895,0,0,,0,0,,0.0,0.0,0.0,false,false,true
43896,34202,9130,0,0,271.865104,48.025485,0,0,0.0,0.0,,0,0,,,,,0.0,0.0,0.0,false,false,true
43517,22441326,5819759,4414,1585,165024.29289,52229.171584,0,0,1.9669069465859547E-4,2.723480474019629E-4,0.3846514085208208,0,0,,0,0,,0.0,0.0,0.0,false,false,true
40533,769375,32005,4,4,6867.528249,275.713089,0,0,5.199025182778229E-6,1.2498047180128105E-4,23.03921262302765,0,0,,0,0,,0.0,0.0,0.0,false,false,true
41178,1509310,220571,148,60,11358.190536,1997.571754,15734.24,4792.77,9.805805301760408E-5,2.7202125392730686E-4,1.774083775439348,1.38527699,2.399298043,0.73199877,106.312432432,79.8795,-0.248634443,0.0,0.0,0.0,false,false,true
36670,2126430,901065,449,176,13627.586788,5906.405389,85427.34,32025.81,2.1115202475510597E-4,1.9532442165659525E-4,-0.0749583297478088,6.268706362,5.422216711,-0.135034184,190.261336303,181.964829545,-0.043605847,0.0,0.0,0.0,false,false,true
45077,1029803,222981,406,241,10041.858116,2131.743942,40826,20123,3.942501624097036E-4,0.0010808095757037595,1.7414308952917699,4.065582239,9.439689075,1.32185417,100.556650246,83.497925311,-0.169642932,0.0,0.0,0.0,false,false,true
42597,122069,19314,2,0,1153.031452,178.565578,13276.3,0,1.6384176162662102E-5,0.0,-1.0,11.514256595,0,-1,6638.15,,,0.0,0.0,0.0,false,false,true
34862,2846076,4457929,415,1555,18640.417721,20555.582288,61232.71,411897.21,1.4581479904261164E-4,3.4881668146800903E-4,1.3921898446403502,3.284943016,20.038216589,5.100019541,147.548698795,264.885665595,0.795242301,0.0,0.0,0.0,false,false,true
34294,1870280,156771,22112,4097,17295.28406,1438.198106,3232357.62,677701.4,0.011822828667365315,0.026133659924348254,1.2104405518863084,186.892427368,471.215611516,1.521319982,146.181151411,165.414059068,0.131568998,0.0,0.0,0.0,false,false,true
38561,5244184,3698075,1475,817,30436.288278,21092.01417,570869.22,275510.82,2.8126396785467484E-4,2.2092575191146746E-4,-0.21452522483926306,18.756203608,13.062328604,-0.303572894,387.029979661,337.2225459,-0.12869141,0.0,0.0,0.0,false,false,true
41252,342362,76312,30,5,3328.367095,700.799591,0,0,8.762654733878175E-5,6.552049481077681E-5,-0.2522757451864276,0,0,,0,0,,0.0,0.0,0.0,false,false,true
39856,484591,83521,32,4,4612.026542,746.732412,0,0,6.603506874869736E-5,4.7892146885214497E-5,-0.2747467702733445,0,0,,0,0,,0.0,0.0,0.0,false,false,true
45890,276283,85343,27,7,2512.932494,773.574712,0,0,9.772588251901131E-5,8.202195845001934E-5,-0.16069360198345595,0,0,,0,0,,0.0,0.0,0.0,false,false,true
36962,258272,75660,142,329,1431.795474,317.546684,10822.7,25666.28,5.498079544046586E-4,0.004348400740153318,6.908944760287871,7.55883099,80.826792699,9.693028169,76.216197183,78.013009119,0.023575198,0.0,0.0,0.0,false,false,true
38800,153315,319862,22,8,1430.748166,2934.247063,0,0,1.4349541793040471E-4,2.5010785901419988E-5,-0.8257032436147179,0,0,,0,0,,0.0,0.0,0.0,false,false,true
43406,90363,22349,21,18,836.301854,200.525269,0,0,2.3239600278875203E-4,8.054051635419929E-4,2.4656584187211954,0,0,,0,0,,0.0,0.0,0.0,false,false,true
37238,870054,269698,5568,3914,5409.004218,2449.160371,17119.59,5544.57,0.006399602783275521,0.014512528828541553,1.2677233759676532,3.165016944,2.263865636,-0.284722428,3.074639009,1.416599387,-0.539263184,0.0,0.0,0.0,false,false,true
37017,77813,12272,0,0,714.734469,115.857645,0,0,0.0,0.0,,0,0,,,,,0.0,0.0,0.0,false,false,true
40049,33102,7779,0,0,277.4559,47.581541,0,0,0.0,0.0,,0,0,,,,,0.0,0.0,0.0,false,false,true
45204,127012,23268,1,1,1189.191243,208.587357,0,0,7.873271816836204E-6,4.2977479800584495E-5,4.458655664431838,0,0,,0,0,,0.0,0.0,0.0,false,false,true
36908,337655,51090,23,4,3272.222801,466.576291,5000,1000,6.811686484725533E-5,7.829320806420043E-5,0.14939535517033042,1.528013312,2.143272214,0.402652842,217.391304348,250,0.15,0.0,0.0,0.0,false,false,true
39778,57079,38112,0,0,427.948637,350.46744,0,0,0.0,0.0,,0,0,,,,,0.0,0.0,0.0,false,false,true
45708,422241,177177,4,2,2706.753005,1081.226041,0,0,9.473262899623675E-6,1.128814688136722E-5,0.191579606833844,0,0,,0,0,,0.0,0.0,0.0,false,false,true
39841,92825,12066,0,0,860.281721,109.35569,0,0,0.0,0.0,,0,0,,,,,0.0,0.0,0.0,false,false,true
9090,284622,334580,0,0,2351.475355,2646.624499,0,0,0.0,0.0,,0,0,,,,,0.0,0.0,0.0,false,false,true
46324,30790,5266,0,0,276.622272,47.104815,0,0,0.0,0.0,,0,0,,,,,0.0,0.0,0.0,false,false,true
42419,479595,40967,16,1,4609.119589,354.119986,0,0,3.336148208384158E-5,2.440989088778773E-5,-0.2683211487294652,0,0,,0,0,,0.0,0.0,0.0,false,false,true
41545,14437275,1874135,289,70,140023.08748,16966.420008,20905.15,6012.19,2.001762798034948E-5,3.735056439370696E-5,0.8658836316856595,0.149297879,0.354358197,1.373497865,72.33615917,85.888428571,0.187351244,0.0,0.0,0.0,false,false,true
41139,99873,9102,5,0,913.632794,79.546148,0,0,5.0063580747549387E-5,0.0,-1.0,0,0,,0,,,0.0,0.0,0.0,false,false,true
46461,27776,4225,0,0,273.568133,37.622691,0,0,0.0,0.0,,0,0,,,,,0.0,0.0,0.0,false,false,true
37501,1029234,1494761,0,0,7976.828014,9154.849694,0,0,0.0,0.0,,0,0,,,,,0.0,0.0,0.0,false,false,true
38856,191387,5383,1275,11,1804.064868,47.543223,86303.35,361.62,0.006661894486041372,0.0020434701839123167,-0.693259899538489,47.838274294,7.606131372,-0.841003224,67.688901961,32.874545455,-0.514328871,0.0,0.0,0.0,false,false,true
40338,51058,58227,1,1,475.231257,491.057161,0,0,1.958556935250108E-5,1.717416318889862E-5,-0.1231215759012142,0,0,,0,0,,0.0,0.0,0.0,false,false,true
37140,25278,17609,0,2,244.039577,165.234478,0,0,0.0,1.135782838321313E-4,,0,0,,,0,,0.0,0.0,0.0,false,false,true
41041,1442627,235962,190,58,14064.397562,2141.295547,0,0,1.3170417578487023E-4,2.458022901992694E-4,0.8663211605436918,0,0,,0,0,,0.0,0.0,0.0,false,false,true
44012,175214,43507,22,47,1675.086773,390.359264,1492.81,2966.57,1.2556074286301322E-4,0.0010802859309996093,7.603691777916616,0.891183683,7.59958908,7.527522693,67.855,63.118510638,-0.0698031,0.0,0.0,0.0,false,false,true
36734,292705,62497,81,39,2686.549298,573.649234,0,0,2.76729130011445E-4,6.240299534377651E-4,1.2550208335926052,0,0,,0,0,,0.0,0.0,0.0,false,false,true
34369,3018580,420959,0,0,20877.01713,1984.534362,0,0,0.0,0.0,,0,0,,,,,0.0,0.0,0.0,false,false,true
44869,312489,111029,0,0,2898.216171,653.223663,0,0,0.0,0.0,,0,0,,,,,0.0,0.0,0.0,false,false,true
38270,1548913,89500,0,9,10953.937825,557.463598,0,0,0.0,1.005586592178771E-4,,0,0,,,0,,0.0,0.0,0.0,false,false,true
41334,50992,18562,0,0,467.2567,170.090379,0,0,0.0,0.0,,0,0,,,,,0.0,0.0,0.0,false,false,true
40020,73678,11686,0,0,536.672533,66.303717,0,0,0.0,0.0,,0,0,,,,,0.0,0.0,0.0,false,false,true
39997,30841,5140,0,0,287.732003,46.481126,0,0,0.0,0.0,,0,0,,,,,0.0,0.0,0.0,false,false,true
38510,182632,5723,4,0,1335.738019,39.56986,0,0,2.1901966796618337E-5,0.0,-1.0,0,0,,0,,,0.0,0.0,0.0,false,false,true
46536,197966,61037,4,8,1867.743873,592.821002,0,0,2.0205489831587242E-5,1.3106804069662662E-4,5.486753936137097,0,0,,0,0,,0.0,0.0,0.0,false,false,true
43380,381461,77655,37,18,3670.516839,714.414911,0,0,9.699549888455177E-5,2.3179447556499904E-4,1.3897446606351376,0,0,,0,0,,0.0,0.0,0.0,false,false,true
47026,10171,18646,0,4,95.018662,168.083156,0,0,0.0,2.1452322213879653E-4,,0,0,,,0,,0.0,0.0,0.0,false,false,true
39646,509888,210644,0,0,3800.769321,1407.126888,0,0,0.0,0.0,,0,0,,,,,0.0,0.0,0.0,false,false,true
46300,234449,1093,2,0,1850.471654,8.457106,0,0,8.530639925954045E-6,0.0,-1.0,0,0,,0,,,0.0,0.0,0.0,false,false,true
42873,34373,6143,0,0,241.12225,29.835508,0,0,0.0,0.0,,0,0,,,,,0.0,0.0,0.0,false,false,true
47125,1030,10140,0,0,10.28094,92.851694,0,0,0.0,0.0,,0,0,,,,,0.0,0.0,0.0,false,false,true
33179,2916632,167974,6088,92,17739.598881,798.829687,1124182.58,23763.67,0.0020873390952303892,5.477038113041304E-4,-0.7376066914304225,63.371364118,29.748105744,-0.53057495,184.655482917,258.30076087,0.398825298,0.0,0.0,0.0,false,false,true
45573,4411318,808485,50106,21363,42605.205665,7327.888302,6208788.83,2545741.54,0.01135851008700801,0.02642349579769569,1.3263170605376469,145.728408843,347.404522979,1.38391763,123.913080869,119.165919581,-0.038310413,0.0,0.0,0.0,false,false,true
34143,21835334,904263,27758,1278,145740.393656,5350.331482,732726.23,29547.27,0.0012712422901339636,0.001413305642274427,0.11175159388812705,5.027612535,5.522512035,0.098436285,26.3969389,23.119929577,-0.124143536,0.0,0.0,0.0,false,false,true
42021,285372,58486,542,297,2543.822088,534.444399,101350,40360.99,0.0018992753318475533,0.005078138357897616,1.6737241687637612,39.841622761,75.51953033,0.895493333,186.992619926,135.895589226,-0.273256938,0.0,0.0,0.0,false,false,true
33596,2247742,657071,56,37,19720.864028,5679.318807,12082.9,18280.57,2.4913891362976712E-5,5.6310505257422714E-5,1.260205137648747,0.612696279,3.218796236,4.253494017,215.766071429,494.069459459,1.28983851,0.0,0.0,0.0,false,false,true
31276,94186712,41295059,74391,61392,571876.117653,262234.101078,53438350.38,48593704.89,7.898247897219302E-4,0.0014866669642002448,0.8822743772370687,93.44392733,185.306581754,0.983077842,718.344294068,791.53154955,0.101883256,0.0,0.0,0.0,false,false,true
38422,20287128,4015649,4106,1493,126473.879395,20165.514934,2672674.49,824919.64,2.0239434581375936E-4,3.717954432770394E-4,0.8369853257618209,21.132225111,40.907442369,0.935784905,650.919262056,552.524876088,-0.151162197,0.0,0.0,0.0,false,false,true
37020,5022902,248247,23465,1029,48213.309979,2296.19854,3553272.31,104587.73,0.004671602193313746,0.004145065197162503,-0.11271015261206341,73.698991244,45.548208562,-0.381969715,151.428608992,101.640165209,-0.328791528,0.0,0.0,0.0,false,false,true
32853,681562,136721,1339,397,3608.570827,544.498227,184594.11,43339.81,0.0019646048341896995,0.0029037236415766416,0.47801918790161246,51.154354133,79.595869832,0.555994034,137.859678865,109.168287154,-0.208120256,0.0,0.0,0.0,false,false,true
38710,4341991,1046667,2346,718,41885.742024,9674.064842,69029524,20832371,5.403051273021984E-4,6.859870426792858E-4,0.2696289707715578,1648.043478863,2153.424784746,0.306655323,29424.349531117,29014.444289694,-0.013930817,0.0,0.0,0.0,false,false,true
39377,1586523,382875,1252,550,15392.114061,3259.695815,118643.53,50446,7.891470845364359E-4,0.0014365001632386549,0.8203199269024606,7.708072428,15.475677138,1.007723368,94.763202875,91.72,-0.032113761,0.0,0.0,0.0,false,false,true
39651,694733,121696,77,24,6678.913312,1118.533062,0,0,1.108339462786423E-4,1.972127267946358E-4,0.7793531081067235,0,0,,0,0,,0.0,0.0,0.0,false,false,true
34664,119199,14456,34,15,1170.79591,124.833104,5594,2647.85,2.8523729225916325E-4,0.0010376314333148866,2.637783212344152,4.777946312,21.211120409,3.439380232,164.529411765,176.523333333,0.072898343,0.0,0.0,0.0,false,false,true
43468,792532,141456,167,99,7489.588962,830.934654,24151.14,17681.11,2.107170436020249E-4,6.998642687478792E-4,2.321346279277211,3.22462823,21.27858059,5.598770175,144.61760479,178.597070707,0.234960785,0.0,0.0,0.0,false,false,true
33753,913877,686462,393,510,5600.076871,3126.042778,39209.78,46477.15,4.300359895259428E-4,7.429398859660112E-4,0.7276225805775074,7.001650317,14.867726804,1.123460346,99.77043257,91.131666667,-0.086586433,0.0,0.0,0.0,false,false,true
33987,129574,38978,85,51,819.206511,186.923642,40635.74,20862.95,6.559958016268696E-4,0.0013084303966339986,0.9945712966288673,49.603780554,111.612152303,1.250073504,478.067529412,409.07745098,-0.144310321,0.0,0.0,0.0,false,false,true
41081,33609,2377,0,0,307.477193,21.650626,0,0,0.0,0.0,,0,0,,,,,0.0,0.0,0.0,false,false,true
46374,1663106,716529,37,153,10102.024759,5138.110541,2420,9079.56,2.224752962228505E-5,2.135293895990253E-4,8.597892135634503,0.239555936,1.767100946,6.376569228,65.405405405,59.343529412,-0.092681575,0.0,0.0,0.0,false,false,true
32434,7816364,5014257,1311,1071,37719.580102,21350.550436,220841.22,158717.83,1.6772504453477346E-4,2.1359096671750172E-4,0.2734589954049418,5.854816501,7.433898741,0.26970653,168.452494279,148.195919701,-0.120250963,0.0,0.0,0.0,false,false,true
40175,38676,9562,0,0,266.896399,47.615687,0,0,0.0,0.0,,0,0,,,,,0.0,0.0,0.0,false,false,true
38817,78245,175696,0,0,754.613147,1608.011962,0,0,0.0,0.0,,0,0,,,,,0.0,0.0,0.0,false,false,true
45504,1110394,520310,199,76,10824.974681,4528.400437,73267.83,19028.75,1.792156657907013E-4,1.4606676788837423E-4,-0.18496651928319885,6.768406593,4.202090841,-0.379160991,368.180050251,250.378289474,-0.319956936,0.0,0.0,0.0,false,false,true
40005,38166,9694,0,0,267.113475,48.08114,0,0,0.0,0.0,,0,0,,,,,0.0,0.0,0.0,false,false,true
39932,7902132,4029031,7861,3072,58560.932066,24334.670093,2019176,810075,9.947948224605715E-4,7.624662108581443E-4,-0.233544250891631,34.479915684,33.288924687,-0.034541587,256.859941483,263.696289063,0.026615079,0.0,0.0,0.0,false,false,true
31602,973211,1190412,268,1614,5847.738519,5387.787167,72835,341333.87,2.753770765024234E-4,0.0013558331065211037,3.9235510948899623,12.455242272,63.353257918,4.086473353,271.77238806,211.48319083,-0.221837096,0.0,0.0,0.0,false,false,true
45953,69867,9636,0,0,628.423786,84.418828,0,0,0.0,0.0,,0,0,,,,,0.0,0.0,0.0,false,false,true
40033,27748,9957,0,0,228.39654,50.99293,0,0,0.0,0.0,,0,0,,,,,0.0,0.0,0.0,false,false,true
39262,1172113,320247,23,7,11253.821445,2843.749093,0,0,1.962268143088593E-5,2.1858128257251434E-5,0.11392157765181521,0,0,,0,0,,0.0,0.0,0.0,false,false,true
34270,6193723,1581952,5482,2761,39354.602113,7702.607619,3030572.81,1507242.66,8.850896302595386E-4,0.0017453121207217411,0.971904382395663,77.006821243,195.67953277,1.541067526,552.822475374,545.904621514,-0.012513699,0.0,0.0,0.0,false,false,true
36230,738976,74479,181,65,5324.139894,372.418958,0,0,2.449335296410168E-4,8.727292256877778E-4,2.563126808187023,0,0,,0,0,,0.0,0.0,0.0,false,false,true
35420,1269924,377647,153,52,8117.945178,1866.53582,0,0,1.2047965075075359E-4,1.376947254976208E-4,0.14288782080287965,0,0,,0,0,,0.0,0.0,0.0,false,false,true
39697,1078197,229360,0,0,10169.227593,2097.278128,0,0,0.0,0.0,,0,0,,,,,0.0,0.0,0.0,false,false,true
45151,35822,1792,6,1,359.490131,15.666695,205.1,26.49,1.6749483557590308E-4,5.580357142857143E-4,2.331659226190476,0.570530266,1.690848006,1.963642959,34.183333333,26.49,-0.225060946,0.0,0.0,0.0,false,false,true
38095,6276964,1976901,78,4,45828.58335,11109.298329,3934.51,245.92,1.2426389573048372E-5,2.0233688991001573E-6,-0.8371716187388292,0.085852752,0.022136412,-0.742158388,50.442435897,61.48,0.218815049,0.0,0.0,0.0,false,false,true
39918,31420,11041,0,63,216.169978,51.223979,0,0,0.0,0.005706004890861335,,0,0,,,0,,0.0,0.0,0.0,false,false,true
45554,2413877,395302,18,8,22263.016043,3660.72339,0,0,7.45688367717162E-6,2.0237691688885967E-5,1.7139610278273882,0,0,,0,0,,0.0,0.0,0.0,false,false,true
33060,3106556,10294160,603,2642,28223.707501,91234.65866,254027,1315676,1.9410562693864203E-4,2.566503726384669E-4,0.3222201575825292,9.000483016,14.420791608,0.60222419,421.271973466,497.984859955,0.182098244,0.0,0.0,0.0,false,false,true
40008,34640,4611,0,0,276.294978,28.741446,0,0,0.0,0.0,,0,0,,,,,0.0,0.0,0.0,false,false,true
38506,850682,250728,9,0,5664.924011,1470.723933,0,0,1.0579746603313576E-5,0.0,-1.0,0,0,,0,,,0.0,0.0,0.0,false,false,true
43479,129640,25820,4,2,1185.022022,230.638881,0,0,3.08546744831842E-5,7.745933384972889E-5,1.5104570100697132,0,0,,0,0,,0.0,0.0,0.0,false,false,true
40124,42647,9490,13,15,402.648732,86.323768,0,0,3.048280066593195E-4,0.0015806111696522655,4.185255734781552,0,0,,0,0,,0.0,0.0,0.0,false,false,true
39890,39348,10683,0,0,265.106322,51.941455,0,0,0.0,0.0,,0,0,,,,,0.0,0.0,0.0,false,false,true
30715,1102470,341583,575,224,5186.011986,1292.746703,98659.58,27520.94,5.215561421172459E-4,6.557703398588337E-4,0.257334133189858,19.024171226,21.288733467,0.119036052,171.581878261,122.861339286,-0.283949211,0.0,0.0,0.0,false,false,true
34991,13020965,2685847,2743,217,130066.985229,23897.750593,0,26114,2.1066026980335174E-4,8.07938799194444E-5,-0.6164731014782032,0,1.092738829,,0,120.341013825,,0.0,0.0,0.0,false,false,true
46698,27089,14910,0,0,267.277236,139.28277,0,0,0.0,0.0,,0,0,,,,,0.0,0.0,0.0,false,false,true
40801,464920,161713,16,6,3060.987538,890.040694,0,0,3.44145229286759E-5,3.710276848490845E-5,0.07811369525022749,0,0,,0,0,,0.0,0.0,0.0,false,false,true
36202,4902533,801634,5164,1539,46576.721954,7113.23191,25679504.03,2311692.81,0.001053333042327303,0.0019198287497785773,0.8226227343412507,551.33772736,324.984878779,-0.410552076,4972.793189388,1502.07460039,-0.69794147,0.0,0.0,0.0,false,false,true
45001,539442,69103,5,0,5246.209246,671.262986,0,0,9.268837057552063E-6,0.0,-1.0,0,0,,0,,,0.0,0.0,0.0,false,false,true
44501,2771324,148904,178,13,26060.425866,1431.270274,0,0,6.42292276182792E-5,8.730457207328211E-5,0.3592654825641375,0,0,,0,0,,0.0,0.0,0.0,false,false,true
38988,1301953,255895,12,8,12391.45813,2268.52528,0,0,9.216922577082276E-6,3.12628226420993E-5,2.3918938106124252,0,0,,0,0,,0.0,0.0,0.0,false,false,true
42273,798163,141546,1728,540,7444.343562,1291.312605,77280,22560,0.002164971315382948,0.0038150142003306347,0.7621546175801508,10.3810362,17.470595356,0.682933671,44.722222222,41.777777778,-0.065838509,0.0,0.0,0.0,false,false,true
45992,192507,41841,0,0,1796.03553,371.686333,0,0,0.0,0.0,,0,0,,,,,0.0,0.0,0.0,false,false,true
35513,385329,101986,39,30,2843.573717,638.884028,0,0,1.01212210863963E-4,2.9415802168925145E-4,1.9063491369101944,0,0,,0,0,,0.0,0.0,0.0,false,false,true
38851,28851901,4659275,796716,380388,260661.820461,43185.846633,32118209.61,15741211.76,0.02761398633663688,0.08164102784231453,1.9565100397691304,123.217928706,364.499320663,1.958167894,40.313247895,41.381988286,0.026510898,0.0,0.0,0.0,false,false,true
39454,184477,121264,0,0,1844.856245,1132.987416,0,0,0.0,0.0,,0,0,,,,,0.0,0.0,0.0,false,false,true
40129,61337,15424,100,67,562.234083,142.749631,100,67,0.001630337316790844,0.004343879668049793,1.6644054719917016,0.17786186,0.469353227,1.638863818,1,1,0,0.0,0.0,0.0,false,false,true
34029,1290111,131917,911,331,12043.273838,1202.680738,0,0,7.061407894359478E-4,0.0025091534828718056,2.553333160198933,0,0,,0,0,,0.0,0.0,0.0,false,false,true
40532,665248,110800,775,306,6237.76904,1067.409517,98896.63,35066.75,0.0011649790754726056,0.0027617328519855596,1.3706287178292769,15.854487296,32.852199125,1.072107316,127.608554839,114.597222222,-0.101962855,0.0,0.0,0.0,false,false,true
42204,298865,93147,158,24,1677.507837,397.560363,0,0,5.286667893530523E-4,2.5765725144127026E-4,-0.5126282629620554,0,0,,0,0,,0.0,0.0,0.0,false,false,true
40334,1272939,239020,12,3,10712.851637,1682.65942,0,0,9.427003179256822E-6,1.2551250941343821E-5,0.3314147351686052,0,0,,0,0,,0.0,0.0,0.0,false,false,true
38124,274213,51180,0,0,2632.83242,466.16919,0,0,0.0,0.0,,0,0,,,,,0.0,0.0,0.0,false,false,true
37201,4541562,199305,2526,40,42458.955463,1810.144335,272503.23,3545.58,5.561963042671221E-4,2.0069742354682522E-4,-0.6391608106578912,6.418038951,1.958727783,-0.694808991,107.879346793,88.6395,-0.17834597,0.0,0.0,0.0,false,false,true
47018,14290,9097,0,0,125.753511,47.757921,0,0,0.0,0.0,,0,0,,,,,0.0,0.0,0.0,false,false,true
32153,4110304,1297971,8359,3909,25631.230319,6306.05863,0,0,0.002033669529066463,0.0030116235262575204,0.4808814722419419,0,0,,0,0,,0.0,0.0,0.0,false,false,true
40931,26430,8589,0,0,245.625053,47.503533,0,0,0.0,0.0,,0,0,,,,,0.0,0.0,0.0,false,false,true
30736,552655,118302,314,5,4849.939789,691.290941,0,0,5.681663967574708E-4,4.226471234636777E-5,-0.9256120872554717,0,0,,0,0,,0.0,0.0,0.0,false,false,true
35678,361409,483500,8,48,2624.478784,2780.345477,611.1,8410.7,2.2135585998135078E-5,9.927611168562565E-5,3.4849100310237846,0.232846234,3.025055724,11.991645482,76.3875,175.222916667,1.293868979,0.0,0.0,0.0,false,false,true
44513,931368,541160,153,187,8919.453462,4861.310443,46064,56700,1.6427448656170277E-4,3.4555399512159067E-4,1.1035159041072267,5.164441991,11.663521732,1.258428259,301.071895425,303.20855615,0.007096845,0.0,0.0,0.0,false,false,true
31249,908441,149199,34,0,8645.533814,1375.970554,0,0,3.742675638814188E-5,0.0,-1.0,0,0,,0,,,0.0,0.0,0.0,false,false,true
38070,24166,4346,1,0,231.660929,37.622039,0,0,4.138045187453447E-5,0.0,-1.0,0,0,,0,,,0.0,0.0,0.0,false,false,true
45523,300232,11784,401,16,2900.30428,109.401117,0,0,0.0013356337765461376,0.0013577732518669382,0.016576007367866685,0,0,,0,0,,0.0,0.0,0.0,false,false,true
44111,42091,4810,0,0,407.95435,43.900384,0,0,0.0,0.0,,0,0,,,,,0.0,0.0,0.0,false,false,true
38795,307214,51369,23,14,2889.984604,471.497717,3910.63,1796.5,7.486637978737948E-5,2.725379119702544E-4,2.6403244386099884,1.353166378,3.810198725,1.815765147,170.027391304,128.321428571,-0.24528967,0.0,0.0,0.0,false,false,true
41134,118875,17596,0,0,1128.797569,155.331209,0,0,0.0,0.0,,0,0,,,,,0.0,0.0,0.0,false,false,true
37458,116371,13974,0,0,1089.101732,118.703301,0,0,0.0,0.0,,0,0,,,,,0.0,0.0,0.0,false,false,true
33065,857152,270356,947,1821,6125.439309,1342.260414,40864.27,107094.94,0.0011048215485701485,0.006735563479264377,5.096517114443949,6.671239064,79.787006219,10.959848156,43.151288279,58.811059857,0.362903918,0.0,0.0,0.0,false,false,true
46867,160334,109229,6,28,1157.836712,506.112668,0,0,3.7421881821697205E-5,2.563421801902425E-4,5.850061186437057,0,0,,0,0,,0.0,0.0,0.0,false,false,true
30857,4414540,7284266,16504,43614,25326.014275,38068.716983,13640488.88,37350115.55,0.0037385548664186983,0.005987425500386724,0.6015347411825742,538.59595639,981.123571007,0.821631892,826.495933107,856.37904228,0.03615639,0.0,0.0,0.0,false,false,true
40060,31091,5226,0,0,289.404629,46.967518,0,0,0.0,0.0,,0,0,,,,,0.0,0.0,0.0,false,false,true
40003,34608,10055,0,0,264.338019,48.037533,0,0,0.0,0.0,,0,0,,,,,0.0,0.0,0.0,false,false,true
34496,767366,562524,268,713,5639.419313,5412.796005,16075.46,42199.77,3.4924664371369075E-4,0.0012675014754926011,2.6292445419509525,2.850552354,7.796297877,1.735013046,59.983059701,59.186213184,-0.013284526,0.0,0.0,0.0,false,false,true
39973,37058,9519,0,0,268.899871,47.973684,0,0,0.0,0.0,,0,0,,,,,0.0,0.0,0.0,false,false,true
37056,22359326,6216553,18401,5104,184428.284781,59301.793794,92125.58,24590.12,8.229675617234617E-4,8.210337786873208E-4,-0.002349768236418859,0.4995198,0.414660644,-0.169881466,5.006552905,4.81781348,-0.037698478,0.0,0.0,0.0,false,false,true
44423,1165234,735486,15,26,8822.506218,6428.813977,1097.8,8037.2,1.2872950840775329E-5,3.5350774861792065E-5,1.7461283196870276,0.124431763,1.250183942,9.047144811,73.186666667,309.123076923,3.22376221,0.0,0.0,0.0,false,false,true
44127,148694,39888,6,7,1432.076791,373.151913,0,0,4.0351325541044026E-5,1.7549137585238668E-4,3.34908577349913,0,0,,0,0,,0.0,0.0,0.0,false,false,true
33572,4450306,5856925,1218,960,27083.745328,36041.968315,322850.68,288346.68,2.736890452027344E-4,1.6390853562236156E-4,-0.4011140069528659,11.920459157,8.000303354,-0.328859463,265.066239737,300.361125,0.133154963,0.0,0.0,0.0,false,false,true
40850,1450647,182442,401,497,14072.95494,1676.189523,250303.6,308962.63,2.764283798884222E-4,0.0027241534295831004,8.854825436819041,17.786143782,184.324401126,9.363370688,624.198503741,621.655191147,-0.004074525,0.0,0.0,0.0,false,false,true
40587,178308,371101,20,168,1697.478648,3348.952224,3869,29975.88,1.1216546649617515E-4,4.527069450095796E-4,3.0360634975384064,2.279262838,8.95082342,2.927069433,193.45,178.427857143,-0.077653879,0.0,0.0,0.0,false,false,true
37795,168947,31318,0,41,1616.315958,213.634814,0,0,0.0,0.0013091512867999234,,0,0,,,0,,0.0,0.0,0.0,false,false,true
45726,53366,72364,0,1,507.519189,652.389766,0,0,0.0,1.381902603504505E-5,,0,0,,,0,,0.0,0.0,0.0,false,false,true
37518,1267625,131464,84,24,11593.132894,1197.35594,0,0,6.626565427472636E-5,1.82559483965192E-4,1.7549638793021014,0,0,,0,0,,0.0,0.0,0.0,false,false,true
46558,25502,39738,0,1,236.030451,367.871575,0,0,0.0,2.516482963410338E-5,,0,0,,,0,,0.0,0.0,0.0,false,false,true
43364,58928,10263,0,0,573.094081,93.333516,0,0,0.0,0.0,,0,0,,,,,0.0,0.0,0.0,false,false,true
36427,2221658,1108794,28404,14396,15736.114027,7731.039259,0,0,0.012785046123210683,0.01298347574030884,0.015520445932370786,0,0,,0,0,,0.0,0.0,0.0,false,false,true
37626,1078479,52215,495,5,9999.703827,462.652218,0,0,4.589797297861154E-4,9.575792396820837E-5,-0.7913678584175567,0,0,,0,0,,0.0,0.0,0.0,false,false,true
40014,31060,7403,0,0,289.231803,66.405969,0,0,0.0,0.0,,0,0,,,,,0.0,0.0,0.0,false,false,true
44933,30979,9366,103,14,309.898016,93.067364,0,0,0.0033248329513541433,0.0014947683109118087,-0.5504230339443017,0,0,,0,0,,0.0,0.0,0.0,false,false,true
43431,104693,14471,20,6,920.788735,126.797587,3784.45,937.22,1.9103473966740851E-4,4.14622348144565E-4,1.1704028747149473,4.110009013,7.39146558,0.798406173,189.2225,156.203333333,-0.174499157,0.0,0.0,0.0,false,false,true
38781,1754471,1038506,103,479,15888.487709,9605.135508,15909.3,65904.52,5.870715446422312E-5,4.6123951137499444E-4,6.856615017102891,1.001309898,6.861383678,5.852407723,154.459223301,137.587724426,-0.109229469,0.0,0.0,0.0,false,false,true
42202,149083,20172,27,5,1422.305352,187.431091,0,0,1.8110716849003574E-4,2.4786833234186E-4,0.3686279477970933,0,0,,0,0,,0.0,0.0,0.0,false,false,true
38588,24219755,13944439,2300,1479,228629.867764,125562.576634,193132.13,89732.03,9.496380124406709E-5,1.0606378643127917E-4,0.11688648771213295,0.844737094,0.714639922,-0.154009067,83.970491304,60.670743746,-0.277475423,0.0,0.0,0.0,false,false,true
40202,464635,74360,67,17,4259.591082,678.031689,0,0,1.441992101326848E-4,2.28617536309844E-4,0.5854284922884234,0,0,,0,0,,0.0,0.0,0.0,false,false,true
34036,564166,33397,260,22,5608.299428,301.896492,21804.63,2204.31,4.608572654147893E-4,6.587418031559721E-4,0.42938356968958513,3.88792187,7.301542278,0.878006432,83.863961538,100.195909091,0.194743335,0.0,0.0,0.0,false,false,true
42760,151429,2520,4,0,1113.135519,16.273582,0,0,2.6415019580133264E-5,0.0,-1.0,0,0,,0,,,0.0,0.0,0.0,false,false,true
39009,3425937,625470,198,91,31924.002185,5788.284237,159487.85,51788.8,5.779440777807648E-5,1.4549059107551123E-4,1.517381813724564,4.995860139,8.947176379,0.790918106,805.494191919,569.107692308,-0.293467665,0.0,0.0,0.0,false,false,true
36062,167635,11184,38,0,1582.64604,104.500871,0,0,2.2668297193306888E-4,0.0,-1.0,0,0,,0,,,0.0,0.0,0.0,false,false,true
38484,1296478,290645,11,1,9006.455057,1679.438674,0,0,8.484524997724605E-6,3.440623440967503E-6,-0.5944824911364849,0,0,,0,0,,0.0,0.0,0.0,false,false,true
39149,3933237,405122,242,60,30001.791505,2968.644515,31370.51,8195,6.152693061719902E-5,1.4810353424400552E-4,1.4071334740466508,1.045621225,2.760519139,1.640075654,129.630206612,136.583333333,0.053638167,0.0,0.0,0.0,false,false,true
40858,1784342,1760528,1369,492,16894.057502,16043.684449,0,1392.5,7.672296006034717E-4,2.7946161606063637E-4,-0.6357523017349394,0,0.086794277,,0,2.830284553,,0.0,0.0,0.0,false,false,true
31598,4900500,2114579,2296,1552,25888.950942,9876.156201,224714.56,350424.55,4.6852362003877156E-4,7.33952242976025E-4,0.5665213269616771,8.67994074,35.481876032,3.087801645,97.872195122,225.789014175,1.306978135,0.0,0.0,0.0,false,false,true
41998,125126,7923,6,2,1189.201275,72.288875,0,0,4.7951664721960264E-5,2.524296352391771E-4,4.2642517564895455,0,0,,0,0,,0.0,0.0,0.0,false,false,true
41233,328670,59077,8,0,3115.900621,544.169205,0,0,2.4340523929777588E-5,0.0,-1.0,0,0,,0,,,0.0,0.0,0.0,false,false,true
45728,1060544,88100,0,0,10203.861623,823.154409,0,0,0.0,0.0,,0,0,,,,,0.0,0.0,0.0,false,false,true
45747,248004,73415,9,13,2284.954885,677.339984,0,0,3.628973726230222E-5,1.7707552952393924E-4,3.87949329156167,0,0,,0,0,,0.0,0.0,0.0,false,false,true
41142,878988,146184,21,10,8612.446671,1361.30371,35986.81,9101.21,2.389111114144903E-5,6.840693919991244E-5,1.863279936831078,4.178465351,6.685657237,0.600026966,1713.657619048,910.121,-0.468901495,0.0,0.0,0.0,false,false,true
35448,2320259,401182,1051,718,14760.325227,2263.731577,0,0,4.52966673117096E-4,0.0017897114028047121,2.9510884774122346,0,0,,0,0,,0.0,0.0,0.0,false,false,true
32478,2494244,562342,311,32,19561.780868,2699.493979,120075.88,1722.3,1.246870795319143E-4,5.6904872835391985E-5,-0.5436185284873329,6.138289801,0.638008461,-0.896060877,386.09607717,53.821875,-0.860599788,0.0,0.0,0.0,false,false,true
31867,1089043,304301,310,229,5386.353874,1158.930529,100344.61,75600.84,2.8465359035409986E-4,7.525443557530209E-4,1.6437198800720552,18.629412836,65.23328026,2.501628357,323.692290323,330.134672489,0.019902798,0.0,0.0,0.0,false,false,true
43662,58809,12357,10,7,564.790528,114.001842,0,0,1.700420003740924E-4,5.664805373472526E-4,2.3314153920854577,0,0,,0,0,,0.0,0.0,0.0,false,false,true
33316,1581326,2184449,4,0,10898.470757,11454.008464,0,0,2.529522691715687E-6,0.0,-1.0,0,0,,0,,,0.0,0.0,0.0,false,false,true
38345,717965,147631,6,0,6824.219483,1347.495332,0,0,8.35695333337976E-6,0.0,-1.0,0,0,,0,,,0.0,0.0,0.0,false,false,true
31748,712619,255389,304,153,5621.965212,1144.224132,11812.37,7870.82,4.2659541774777267E-4,5.990861000278007E-4,0.4043425576174713,2.101110476,6.878739733,2.273859139,38.856480263,51.443267974,0.323930207,0.0,0.0,0.0,false,false,true
34271,1434937,490923,743,171,8563.207014,2287.472426,86872.83,22712.91,5.177927672085953E-4,3.4832346416851525E-4,-0.32729175410016587,10.144894297,9.929260673,-0.021255384,116.921709287,132.824035088,0.136008325,0.0,0.0,0.0,false,false,true
40162,12987339,2260463,17491,2830,98144.930722,20466.780996,2374880.66,356329.97,0.0013467731919525625,0.001251955904608923,-0.07040330763205394,24.197690523,17.410161865,-0.28050316,135.777294609,125.911650177,-0.072660488,0.0,0.0,0.0,false,false,true
22958,9104211,4553093,2008,1103,45175.263587,20599.501103,5992105.5,3682136.76,2.2055727838469474E-4,2.422529036854727E-4,0.09836730603347665,132.641295794,178.748831906,0.347610718,2984.116284861,3338.292620127,0.118687176,0.0,0.0,0.0,false,false,true
44085,209171,75143,9,7,1949.088896,667.183055,0,0,4.302699705026031E-5,9.315571643399917E-5,1.1650527069128938,0,0,,0,0,,0.0,0.0,0.0,false,false,true
39397,4048927,700981,1106,397,36838.991724,6256.178521,0,0,2.7315878997077495E-4,5.663491592496801E-4,1.0733330943158497,0,0,,0,0,,0.0,0.0,0.0,false,false,true
46840,560646,430741,6,89,3464.149392,3807.698467,535.7,20747.95,1.0701940261769459E-5,2.0662068389124788E-4,18.306843323482095,0.154641137,5.448947751,34.236081787,89.283333333,233.123033708,1.611047605,0.0,0.0,0.0,false,false,true
34497,2407662,1071314,1527,6428,13223.892952,4495.404886,403882.03,1491544.84,6.342252359342798E-4,0.00600010827824522,8.460532218347376,30.541840551,331.793215033,9.863563199,264.493798297,232.038711886,-0.122706417,0.0,0.0,0.0,false,false,true
45827,409949,111361,47,12,3773.882022,1028.743185,0,0,1.1464840748483348E-4,1.0775765303831683E-4,-0.06010335945946921,0,0,,0,0,,0.0,0.0,0.0,false,false,true
37605,119258,17785,0,0,1155.687668,158.085021,0,0,0.0,0.0,,0,0,,,,,0.0,0.0,0.0,false,false,true
38993,1241419,240695,89,128,11841.486452,2185.411593,16683.23,20368.8,7.169215228701994E-5,5.317933484285092E-4,6.4177344585704645,1.40887971,9.32034957,5.615433173,187.452022472,159.13125,-0.151082779,0.0,0.0,0.0,false,false,true
40460,172611,29111,0,0,1574.726631,273.532536,0,0,0.0,0.0,,0,0,,,,,0.0,0.0,0.0,false,false,true
40441,171657,29033,0,0,1578.070063,274.242154,0,0,0.0,0.0,,0,0,,,,,0.0,0.0,0.0,false,false,true
32857,306161,51964,755,317,2890.529881,470.296222,159269.8,64634.63,0.002466022778864715,0.006100377184204449,1.4737716279380377,55.100554762,137.433870349,1.494237507,210.953377483,203.894731861,-0.03346069,0.0,0.0,0.0,false,false,true
33497,1360442,218212,14271,4238,8604.774787,1095.732016,1009166.21,318229.88,0.01048997311167988,0.019421480028596044,0.8514327750727531,117.279793485,290.426742445,1.476357894,70.714470605,75.089636621,0.061870873,0.0,0.0,0.0,false,false,true
39917,56943,5347,0,0,402.518634,30.370658,0,0,0.0,0.0,,0,0,,,,,0.0,0.0,0.0,false,false,true
32286,1254103,323158,1071,484,10977.799274,2729.386413,0,0,8.53996840769857E-4,0.0014977193818503643,0.7537762557765522,0,0,,0,0,,0.0,0.0,0.0,false,false,true
31836,1965530,456367,347,2120,12075.191084,2142.407469,0,0,1.7654271367010426E-4,0.004645384087806524,25.3130887207676,0,0,,0,0,,0.0,0.0,0.0,false,false,true
20708,70834,16864,0,0,566.910317,98.118047,0,0,0.0,0.0,,0,0,,,,,0.0,0.0,0.0,false,false,true
43169,34037,7641,54,26,337.587221,71.692823,3066.66,1548.18,0.0015865087992478772,0.0034026959822012824,1.1447696878923157,9.084052385,21.594630191,1.377202296,56.79,59.545384615,0.048518835,0.0,0.0,0.0,false,false,true
45921,55116,72989,40,19,517.600993,656.025331,0,0,7.257420712678714E-4,2.603131978791325E-4,-0.6413144446423433,0,0,,0,0,,0.0,0.0,0.0,false,false,true
37813,2833954,13420,216,1,25701.392292,129.872885,0,0,7.621859776129041E-5,7.451564828614009E-5,-0.022342965170834006,0,0,,0,0,,0.0,0.0,0.0,false,false,true
36120,4333764,728456,31040,17023,26513.605448,3379.588158,3774499.5,1659567.7,0.007162365094176794,0.023368604280835082,2.262693813225804,142.360853465,491.056194546,2.449376585,121.601143686,97.48973154,-0.198282774,0.0,0.0,0.0,false,false,true
42438,385268,95000,164,35,3677.310067,828.676476,0,0,4.2567771006156755E-4,3.6842105263157896E-4,-0.13450706033376125,0,0,,0,0,,0.0,0.0,0.0,false,false,true
31409,10232199,11790055,1218,2549,68914.525194,67494.618791,73950.04,590653.07,1.1903599607474405E-4,2.1619916107261587E-4,0.8162502789228727,1.073068991,8.751113505,7.155219821,60.714318555,231.719525304,2.816554823,0.0,0.0,0.0,false,false,true
32058,7789191,1381512,29024,20621,38614.684256,6098.15386,24994986.87,17906205.12,0.0037261892794771627,0.01492639948114819,3.0058081760255018,647.292276283,2936.33213118,3.536331173,861.183395466,868.348049076,0.008319545,0.0,0.0,0.0,false,false,true
37253,242868,86374,0,0,1874.831065,584.517801,0,0,0.0,0.0,,0,0,,,,,0.0,0.0,0.0,false,false,true
35881,2791582,431173,99,16,25753.238818,3975.720227,0,0,3.546376212484534E-5,3.7108074949034376E-5,0.04636600083207365,0,0,,0,0,,0.0,0.0,0.0,false,false,true
32883,2163713,244371,3740,369,13285.814873,2241.051451,408581.58,45658.49,0.0017285102044494812,0.0015099991406508956,-0.12641583673391144,30.753219423,20.373691099,-0.3375103,109.246411765,123.735745257,0.132629834,0.0,0.0,0.0,false,false,true
33129,553689,616297,48,98,5228.28566,5614.25826,0,16392.88,8.669126531319928E-5,1.5901424151018096E-4,0.8342590909902206,0,2.919865678,,0,167.274285714,,0.0,0.0,0.0,false,false,true
45456,131252,37242,0,0,1160.804927,338.365527,0,0,0.0,0.0,,0,0,,,,,0.0,0.0,0.0,false,false,true
40034,30475,5285,0,0,288.108602,47.054877,0,0,0.0,0.0,,0,0,,,,,0.0,0.0,0.0,false,false,true
44850,107136,364144,7,6,980.695269,3303.427939,0,0,6.533751493428913E-5,1.647699811063755E-5,-0.7478171900598194,0,0,,0,0,,0.0,0.0,0.0,false,false,true
36822,1189032,414960,2853,1187,8205.04255,2391.704251,449652.73,187313.89,0.0023994307974890498,0.00286051667630615,0.1921646914341586,54.801998559,78.318165769,0.429111489,157.606985629,157.804456613,0.001252933,0.0,0.0,0.0,false,false,true
31815,340568,1517269,143,649,1921.718609,8845.678154,10102.63,45282.62,4.1988677738366494E-4,4.277422131474379E-4,0.01870846186850783,5.257080799,5.119180148,-0.026231412,70.647762238,69.772912173,-0.012383266,0.0,0.0,0.0,false,false,true
37949,100125,22767,6,2,934.57669,209.674821,0,0,5.99250936329588E-5,8.78464444151623E-5,0.4659375411780209,0,0,,0,0,,0.0,0.0,0.0,false,false,true
31088,1590161,431044,3560,945,9260.46349,1930.514712,991488.56,262680.93,0.0022387670179308886,0.002192351592876829,-0.020732583909940483,107.066839697,136.06782086,0.270868004,278.508022472,277.969238095,-0.001934538,0.0,0.0,0.0,false,false,true
46620,81239,41136,0,3,734.400797,376.03287,0,0,0.0,7.292882147024503E-5,,0,0,,,0,,0.0,0.0,0.0,false,false,true
40024,31731,8102,0,0,230.871018,47.612995,0,0,0.0,0.0,,0,0,,,,,0.0,0.0,0.0,false,false,true
38667,203918,42206,145,137,1920.266559,379.570558,66492.17,46834.62,7.110701360350729E-4,0.0032459839833199073,3.5649280131767505,34.626531243,123.388442578,2.563407542,458.566689655,341.858540146,-0.254506383,0.0,0.0,0.0,false,false,true
39597,182081,83184,11,8,1838.091026,795.600102,2505.3,1787.43,6.0412673480483964E-5,9.617234083477592E-5,0.591923271957894,1.36299017,2.246643754,0.648319851,227.754545455,223.42875,-0.018993234,0.0,0.0,0.0,false,false,true
39438,269854,4493367,232,1174,2290.218575,35072.898357,33300.57,79073.98,8.597241471314118E-4,2.612740067748751E-4,-0.6960955352404004,14.540345783,2.254560749,-0.844944489,143.536939655,67.354327087,-0.53075266,0.0,0.0,0.0,false,false,true
36016,1100420,1236531,317,471,7242.733299,5892.426713,8689.74,18283.13,2.8807182712055395E-4,3.809043202313569E-4,0.32225467529649765,1.199787379,3.102818396,1.58614022,27.412429022,38.817685775,0.416061515,0.0,0.0,0.0,false,false,true
46842,1116174,343140,85,17,10102.95783,3169.379732,0,0,7.615300123457454E-5,4.9542460803170714E-5,-0.3494352159468439,0,0,,0,0,,0.0,0.0,0.0,false,false,true
45203,361591,45331,56,27,3448.295822,416.841933,0,0,1.5487111128319013E-4,5.956188921488606E-4,2.845900550553547,0,0,,0,0,,0.0,0.0,0.0,false,false,true
39376,3475803,3938783,180,394,32299.909746,36090.317452,15072.1,104298.7,5.178659434956469E-5,1.0003089786870716E-4,0.9315983050263665,0.466629787,2.889935788,5.193208982,83.733888889,264.71751269,2.161414288,0.0,0.0,0.0,false,false,true
40597,2229201,263987,379,417,20737.749237,2436.469953,105075.46,122942.17,1.7001607302347344E-4,0.0015796232390231338,8.291022965840657,5.066869061,50.459136526,8.958642293,277.243957784,294.825347722,0.063414871,0.0,0.0,0.0,false,false,true
44449,284498,53724,306,3,2747.514387,495.652022,23224.5,2205,0.0010755787386906059,5.584096493187402E-5,-0.9480828665320644,8.452912971,4.448685574,-0.473709763,75.897058824,735,8.684169734,0.0,0.0,0.0,false,false,true
41820,87159,3837,7,1,864.975501,35.054966,0,0,8.031299119999082E-5,2.6062027625749283E-4,2.245057522618117,0,0,,0,0,,0.0,0.0,0.0,false,false,true
38316,3756520,1031642,0,0,35206.702366,9282.059605,0,0,0.0,0.0,,0,0,,,,,0.0,0.0,0.0,false,false,true
44290,791645,24284,517,72,7920.038538,227.903977,38408.23,7382.77,6.530705050875077E-4,0.002964915170482622,3.539961837788618,4.849500393,32.394213112,5.679907307,74.290580271,102.538472222,0.380235177,0.0,0.0,0.0,false,false,true
35838,11422519,532070,1761,78,107808.72461,4887.832288,1079363.35,69510.12,1.5416914605263516E-4,1.4659725224124646E-4,-0.04911419700543429,10.011836741,14.221052586,0.42042394,612.926377058,891.155384615,0.453935445,0.0,0.0,0.0,false,false,true
46212,181167,57598,0,1,1721.989024,534.273909,0,0,0.0,1.7361713948400987E-5,,0,0,,,0,,0.0,0.0,0.0,false,false,true
45363,89241,12470,4,0,845.89736,112.58703,0,0,4.4822447081498415E-5,0.0,-1.0,0,0,,0,,,0.0,0.0,0.0,false,false,true
40477,22808,38480,5,8,210.051269,329.245264,458.34,1352.9,2.1922132585057875E-4,2.079002079002079E-4,-0.05164241164241157,2.18203871,4.109094793,0.883144774,91.668,169.1125,0.844836802,0.0,0.0,0.0,false,false,true
43792,153226,157079,9,32,1446.631423,1434.462341,0,0,5.8736767911451056E-5,2.0371914769001586E-4,2.468341124883375,0,0,,0,0,,0.0,0.0,0.0,false,false,true
35557,515722,232658,0,255,3358.081706,1179.839371,0,16901.56,0.0,0.001096029364990673,,0,14.325305983,,,66.280627451,,0.0,0.0,0.0,false,false,true
37722,175422,435049,54,167,1692.072402,3989.462965,16147.52,59446.51,3.0782912063481206E-4,3.8386480603334335E-4,0.24700614822187328,9.543043182,14.900880274,0.561439049,299.028148148,355.967125749,0.190413438,0.0,0.0,0.0,false,false,true
39883,774939,105383,23,4,7351.690952,931.235692,826.6,198.78,2.9679755438815183E-5,3.795678619891254E-5,0.2788779973999602,0.112436718,0.213458313,0.898475132,35.939130435,49.695,0.382754658,0.0,0.0,0.0,false,false,true
34437,6583859,1130141,1825,754,38150.771611,5031.692251,701218.97,538935,2.771930565341694E-4,6.671733880993611E-4,1.4068906935882035,18.380204132,107.108100638,4.827361865,384.229572603,714.767904509,0.860262602,0.0,0.0,0.0,false,false,true
43215,36066,8130,0,0,264.795582,47.431393,0,0,0.0,0.0,,0,0,,,,,0.0,0.0,0.0,false,false,true
38403,307431,100974,0,13,2865.095752,936.21868,0,0,0.0,1.2874601382534118E-4,,0,0,,,0,,0.0,0.0,0.0,false,false,true
40595,73263,9202,35,20,696.522467,77.772736,1618.2,798.7,4.777309146499597E-4,0.0021734405564007822,3.5495078709597294,2.323255999,10.269665709,3.420376279,46.234285714,39.935,-0.136247065,0.0,0.0,0.0,false,false,true
46137,101150,38650,5,1,751.686244,360.253341,0,0,4.9431537320810677E-5,2.5873221216041397E-5,-0.4765847347994825,0,0,,0,0,,0.0,0.0,0.0,false,false,true
45885,959985,361127,129,29,9117.065929,3249.423306,0,0,1.343770996421819E-4,8.030415892469962E-5,-0.4023969922067615,0,0,,0,0,,0.0,0.0,0.0,false,false,true
45066,9591,42950,0,164,86.470102,379.558133,0,11173.79,0.0,0.003818393480791618,,0,29.438942361,,,68.132865854,,0.0,0.0,0.0,false,false,true
37225,447823,41329,111,68,4022.773444,376.613866,33095.69,29548,2.478657862593033E-4,0.001645333784993588,5.638002807181834,8.227082748,78.457015706,8.536432063,298.159369369,434.529411765,0.45737299,0.0,0.0,0.0,false,false,true
33864,2718553,421334,1374,281,18671.842542,2275.173432,0,0,5.054159326671211E-4,6.66929324478917E-4,0.31956529537855394,0,0,,0,0,,0.0,0.0,0.0,false,false,true
44993,30678,5257,0,0,286.945912,47.050308,0,0,0.0,0.0,,0,0,,,,,0.0,0.0,0.0,false,false,true
39343,951709,180257,291,232,8924.755124,1691.19545,1003125.48,1131823.89,3.0576573301292726E-4,0.0012870512656928718,3.209272415880747,112.398095641,669.244876457,4.954236792,3447.166597938,4878.55125,0.415235125,0.0,0.0,0.0,false,false,true
46561,75022,44514,2,1,713.139907,414.411464,0,0,2.66588467382901E-5,2.2464842521453923E-5,-0.15732129217774182,0,0,,0,0,,0.0,0.0,0.0,false,false,true
42989,168707,47133,0,0,1309.649272,431.51544,0,0,0.0,0.0,,0,0,,,,,0.0,0.0,0.0,false,false,true
40254,593353,133485,1194,410,4268.44959,758.905343,123862.29,42322.53,0.0020122928509672994,0.0030715061617410198,0.5263713530883747,29.018098349,55.767864056,0.921830417,103.737261307,103.225682927,-0.004931481,0.0,0.0,0.0,false,false,true
38546,191075,74815,34,8,1311.886396,413.902534,0,0,1.7794059924113568E-4,1.0693042839002874E-4,-0.39906671751103706,0,0,,0,0,,0.0,0.0,0.0,false,false,true
44712,61267,21376,216,92,585.893644,188.970615,60555.04,14071.14,0.0035255520916643544,0.004303892215568862,0.2207711313484142,103.355004138,74.462053267,-0.279550575,280.347407407,152.947173913,-0.454436995,0.0,0.0,0.0,false,false,true
44787,3548565,529186,3,0,25881.545626,4861.367365,0,0,8.45412159563091E-7,0.0,-1.0,0,0,,0,,,0.0,0.0,0.0,false,false,true
40678,128722,59195,5,15,1199.921856,560.471861,0,0,3.8843398952781964E-5,2.53399780386857E-4,5.523625306191401,0,0,,0,0,,0.0,0.0,0.0,false,false,true
41133,1243909,315107,2366,466,8620.564344,1539.252348,371718.7,79972.62,0.0019020683988941313,0.0014788627355152377,-0.22249760504141003,43.119995996,51.955496514,0.204904948,157.108495351,171.615064378,0.092334721,0.0,0.0,0.0,false,false,true
39396,72572,15823,1514,545,674.522493,143.441722,94695.84,36862.29,0.02086204045637436,0.03444353156797068,0.6510145131775218,140.389447324,256.984435811,0.830511058,62.54678996,67.637229358,0.081386102,0.0,0.0,0.0,false,false,true
38449,30791,308373,1,8,282.381515,2702.025912,0,0,3.24770225065766E-5,2.5942608464424577E-5,-0.20120114277190293,0,0,,0,0,,0.0,0.0,0.0,false,false,true
36533,92362,20173,0,0,867.410045,177.14311,0,0,0.0,0.0,,0,0,,,,,0.0,0.0,0.0,false,false,true
39063,287341,18616,0,0,2704.449037,168.530154,0,0,0.0,0.0,,0,0,,,,,0.0,0.0,0.0,false,false,true
33490,2624074,107880,14,0,19038.743053,665.974205,0,0,5.335215394078063E-6,0.0,-1.0,0,0,,0,,,0.0,0.0,0.0,false,false,true
46591,264291,219111,1,3,2582.384142,1998.446764,0,0,3.7837081096215913E-6,1.3691690513027643E-5,2.618590577378589,0,0,,0,0,,0.0,0.0,0.0,false,false,true
38925,124516,4367,223,0,1195.299044,37.334915,0,0,0.0017909344983777185,0.0,-1.0,0,0,,0,,,0.0,0.0,0.0,false,false,true
40416,288847,63491,6,4,2433.108944,431.541577,815.69,925.43,2.077224274442871E-5,6.300105526767573E-5,2.0329443018170554,0.335245983,2.144474714,5.396720088,135.948333333,231.3575,0.701804607,0.0,0.0,0.0,false,false,true
36412,7717734,656996,2941,282,59596.170634,5884.92901,254963.69,25494.6,3.810704022709256E-4,4.2922635754251166E-4,0.12637023233661981,4.27818914,4.332184799,0.012621148,86.692856171,90.406382979,0.042835442,0.0,0.0,0.0,false,false,true
31273,11605198,360964,2675,52,70153.097595,3308.54434,881286.72,16863.58,2.30500160359177E-4,1.4405868729291564E-4,-0.37501697583014215,12.562335096,5.096978691,-0.594265027,329.452979439,324.299615385,-0.015642184,0.0,0.0,0.0,false,false,true
36507,6363954,2224073,18688,19083,61175.148048,20510.036401,444328.71,483187.47,0.0029365391390321176,0.008580203977117657,1.9218762532637963,7.263222472,23.558586662,2.243544687,23.776151006,25.3203097,0.064945697,0.0,0.0,0.0,false,false,true
39692,446429,93541,2,0,4294.579448,852.401725,0,0,4.479995699204129E-6,0.0,-1.0,0,0,,0,,,0.0,0.0,0.0,false,false,true
31455,112481118,34575820,3863,1644,624123.023103,190341.645122,323488.52,126982.22,3.43435419978667E-5,4.754767927412857E-5,0.3844722037430519,0.518308904,0.66712789,0.287124116,83.74023298,77.239793187,-0.077626244,0.0,0.0,0.0,false,false,true
33278,6481814,2263659,3062,2424,44862.608342,14535.804213,1110327.06,681569.67,4.7239862174385135E-4,0.0010708326651673243,1.2667988767925782,24.749498548,46.889023821,0.894544398,362.614977139,281.175606436,-0.224589098,0.0,0.0,0.0,false,false,true
42946,1840037,210090,553,157,16377.359686,1868.959923,55167.15,14082.92,3.0053743484506016E-4,7.472987767147413E-4,1.4865414090594262,3.368500849,7.535164252,1.236948895,99.759764919,89.700127389,-0.100838625,0.0,0.0,0.0,false,false,true
40337,1529129,637298,20,3,14547.296838,5584.355509,0,0,1.3079341245898809E-5,4.707373944371393E-6,-0.6400908993908658,0,0,,0,0,,0.0,0.0,0.0,false,false,true
38733,795107,62577,67,1,7609.013111,578.002131,107817.01,196,8.426538818045873E-5,1.598031225530147E-5,-0.8103573412481196,14.169644398,0.339099096,-0.976068623,1609.209104478,196,-0.878201037,0.0,0.0,0.0,false,false,true
31030,797725,250054,160,85,3902.54741,969.481138,89292.75,37600.31,2.005703719953618E-4,3.3992657585961433E-4,0.694799548297568,22.880631705,38.783952081,0.695056001,558.0796875,442.356588235,-0.207359454,0.0,0.0,0.0,false,false,true
38318,8671047,588536,1490,302,80978.357471,5462.836009,0,0,1.7183622692853586E-4,5.13137684015931E-4,1.9862019970290512,0,0,,0,0,,0.0,0.0,0.0,false,false,true
37135,1483193,388416,93,168,9640.180674,1906.616025,0,0,6.270256129849588E-5,4.3252595155709344E-4,5.898058749116345,0,0,,0,0,,0.0,0.0,0.0,false,false,true
37623,1240042,289346,1739,864,11192.144827,2604.081672,218779.51,112449.05,0.0014023718551468417,0.0029860443897617387,1.129281458981556,19.547594619,43.181844567,1.209061801,125.807653824,130.149363426,0.034510695,0.0,0.0,0.0,false,false,true
40052,145479,32124,0,0,1066.249702,188.315287,0,0,0.0,0.0,,0,0,,,,,0.0,0.0,0.0,false,false,true
36038,4229705,1004187,5036,2647,26465.438345,4707.262416,241198.72,214446.73,0.0011906267694791954,0.00263596322198953,1.2139290746356681,9.113724732,45.55657005,3.998677422,47.894900715,81.015009445,0.691516388,0.0,0.0,0.0,false,false,true
34901,1670323,933690,24805,23998,8951.781433,4143.622808,553183.38,548532.46,0.014850421146089709,0.025702320898799386,0.7307469361276069,61.795898854,132.379921006,1.14221208,22.301285225,22.857423952,0.024937519,0.0,0.0,0.0,false,false,true
42942,274229,45631,224,55,2729.744327,402.289136,0,0,8.168355644370217E-4,0.001205320944095023,0.4755980231171164,0,0,,0,0,,0.0,0.0,0.0,false,false,true
31605,1102250,276809,629,401,6568.781088,1271.605184,137531.4,100924.32,5.706509412565208E-4,0.0014486523198306413,1.5385962154742834,20.93712641,79.367653789,2.790761551,218.650874404,251.68159601,0.151066039,0.0,0.0,0.0,false,false,true
37202,1004872,163746,90,25,9115.32993,1464.034934,0,0,8.956364591709193E-5,1.5267548520269197E-4,0.7046591129622164,0,0,,0,0,,0.0,0.0,0.0,false,false,true
32320,10148550,3862797,760,214,65019.016627,22146.229818,0,0,7.488754551142774E-5,5.540027084001567E-5,-0.26022050179810396,0,0,,0,0,,0.0,0.0,0.0,false,false,true
42692,197791,42073,699,552,1923.934528,378.973732,271705.17,160575.32,0.0035340333988907483,0.01312005324079576,2.712487053719934,141.223709043,423.710949972,2.000281984,388.705536481,290.897318841,-0.251625481,0.0,0.0,0.0,false,false,true
40928,30171,7112,50,19,303.277855,64.34041,8917.05,3421.74,0.0016572205097610288,0.002671541057367829,0.6120613048368955,29.402245673,53.181818394,0.808767228,178.341,180.091578947,0.009815909,0.0,0.0,0.0,false,false,true
43865,150080,24227,0,0,1440.020409,224.85084,0,0,0.0,0.0,,0,0,,,,,0.0,0.0,0.0,false,false,true
38130,69291,31960,0,0,695.288329,306.079911,0,0,0.0,0.0,,0,0,,,,,0.0,0.0,0.0,false,false,true
39701,47495,11734,4,0,397.557153,72.917734,0,0,8.421939151489631E-5,0.0,-1.0,0,0,,0,,,0.0,0.0,0.0,false,false,true
39329,60046,21241,0,0,541.748409,176.518522,0,0,0.0,0.0,,0,0,,,,,0.0,0.0,0.0,false,false,true
44992,68375,16360,755,251,673.309316,141.911036,34988.68,12981.86,0.011042047531992687,0.015342298288508558,0.389443239042083,51.965239703,91.478861447,0.760385634,46.342622517,51.720557769,0.116047279,0.0,0.0,0.0,false,false,true
40607,96677,25508,1,0,879.906507,232.216304,0,0,1.0343721878006145E-5,0.0,-1.0,0,0,,0,,,0.0,0.0,0.0,false,false,true
44481,377404,159613,3,0,2474.890804,969.018082,0,0,7.949041345613719E-6,0.0,-1.0,0,0,,0,,,0.0,0.0,0.0,false,false,true
36003,61976,9692,7,0,575.218748,92.62027,0,0,1.1294694720536982E-4,0.0,-1.0,0,0,,0,,,0.0,0.0,0.0,false,false,true
40709,617501,104847,30,0,5965.589615,966.119632,0,0,4.8582917274627894E-5,0.0,-1.0,0,0,,0,,,0.0,0.0,0.0,false,false,true
35312,7061382,18555810,4569,3631,63271.501618,162881.348509,0,0,6.470404801779594E-4,1.956799514545579E-4,-0.6975769562350429,0,0,,0,0,,0.0,0.0,0.0,false,false,true
39990,35049,7775,0,0,239.608455,46.802792,0,0,0.0,0.0,,0,0,,,,,0.0,0.0,0.0,false,false,true
33068,1308451,281365,65,19,12198.399021,2567.567128,0,0,4.967706089108419E-5,6.752794412951149E-5,0.35933855421851435,0,0,,0,0,,0.0,0.0,0.0,false,false,true
42287,3073932,1039209,2908,788,21914.290176,8135.702357,453175.74,99176.03,9.460196256781217E-4,7.582690296177189E-4,-0.198463743208097,20.679462413,12.190223492,-0.410515455,155.837599725,125.857906091,-0.192377794,0.0,0.0,0.0,false,false,true
40340,386771,341332,0,0,2999.85934,1967.329345,0,0,0.0,0.0,,0,0,,,,,0.0,0.0,0.0,false,false,true
37397,66579,8650,110,19,654.651003,76.433613,26032.05,3901.2,0.0016521726069781762,0.0021965317919075147,0.3294808197582766,39.764775248,51.040371466,0.283557398,236.655,205.326315789,-0.132381248,0.0,0.0,0.0,false,false,true
39950,33125,8566,0,0,272.870331,46.681624,0,0,0.0,0.0,,0,0,,,,,0.0,0.0,0.0,false,false,true
40697,744412,533162,114,226,5480.398131,3161.312671,20529.41,38446.36,1.531410025630968E-4,4.2388617343321543E-4,1.767946966120761,3.74597055,12.161517699,2.24655988,180.08254386,170.116637168,-0.05534077,0.0,0.0,0.0,false,false,true
35463,1662125,351550,211,138,14293.611792,2543.424584,50028.86,29878.78,1.2694592765285403E-4,3.925472905703314E-4,2.0922401200910525,3.500085264,11.747460565,2.35633554,237.103601896,216.512898551,-0.086842643,0.0,0.0,0.0,false,false,true
46903,174041,104225,211,377,1578.7839,972.199269,5191,11831,0.0012123580075959113,0.003617174382345886,1.9835860032126087,3.287973737,12.169315877,2.701159696,24.601895735,31.381962865,0.275591247,0.0,0.0,0.0,false,false,true
42487,59656,9970,5,11,576.925295,91.222279,0,0,8.381386616601851E-5,0.0011033099297893681,12.163811434302907,0,0,,0,0,,0.0,0.0,0.0,false,false,true
38921,62335,10018,0,1,572.135415,91.914972,0,0,0.0,9.982032341784787E-5,,0,0,,,0,,0.0,0.0,0.0,false,false,true
35141,1633009,1492668,680,773,15244.836841,12531.037321,81200.21,78196.27,4.1640921758545114E-4,5.178646557707407E-4,0.24364359361106103,5.326407284,6.240207255,0.171560289,119.412073529,101.159469599,-0.152853923,0.0,0.0,0.0,false,false,true
31615,249268,723514,185,3040,1808.813141,4892.670136,19863.53,405449.95,7.421730827863986E-4,0.0042017155162166865,4.6613687745746,10.981526809,82.868850491,6.546204816,107.370432432,133.371694079,0.242164077,0.0,0.0,0.0,false,false,true
40301,30743,13026,0,0,264.182558,72.925513,0,0,0.0,0.0,,0,0,,,,,0.0,0.0,0.0,false,false,true
40084,619924,239982,4,0,4701.400704,2070.360324,0,0,6.452403843051729E-6,0.0,-1.0,0,0,,0,,,0.0,0.0,0.0,false,false,true
44997,208283,19132,0,0,1971.28005,174.668749,0,0,0.0,0.0,,0,0,,,,,0.0,0.0,0.0,false,false,true
42224,942549,516970,14,57,8894.789867,4703.711909,1719.23,5415.6,1.4853339189792786E-5,1.102578486179082E-4,6.423101782640054,0.193285061,1.151346023,4.956725352,122.802142857,95.010526316,-0.226312146,0.0,0.0,0.0,false,false,true
41080,153904,44073,0,0,1429.97363,402.126752,0,0,0.0,0.0,,0,0,,,,,0.0,0.0,0.0,false,false,true
46434,52592,46870,4,0,480.792475,418.54406,0,0,7.6057195010648E-5,0.0,-1.0,0,0,,0,,,0.0,0.0,0.0,false,false,true
40498,293762,87923,5,6,2101.43833,456.617195,0,0,1.702058128689211E-5,6.824152952014831E-5,3.0093536389795608,0,0,,0,0,,0.0,0.0,0.0,false,false,true
44189,423618,165320,113,40,3767.557618,1440.78537,0,0,2.667497603973391E-4,2.4195499637067505E-4,-0.09295140130484403,0,0,,0,0,,0.0,0.0,0.0,false,false,true
22501,2530101,709795,1736,954,12277.859822,2568.251556,0,0,6.861386166006812E-4,0.001344050042617939,0.9588608046530471,0,0,,0,0,,0.0,0.0,0.0,false,false,true
44870,393062,19430,0,0,3360.249183,112.756387,0,0,0.0,0.0,,0,0,,,,,0.0,0.0,0.0,false,false,true
44517,36687,8876,0,0,279.186418,49.383682,0,0,0.0,0.0,,0,0,,,,,0.0,0.0,0.0,false,false,true
33980,1136366,185428,134,51,9558.993509,1664.51611,0,0,1.1791975472691017E-4,2.750393683801799E-4,1.332428260363519,0,0,,0,0,,0.0,0.0,0.0,false,false,true
40424,17921,5841,0,0,135.23236,29.529359,0,0,0.0,0.0,,0,0,,,,,0.0,0.0,0.0,false,false,true
40114,30593,4876,1,0,286.644176,44.673856,0,0,3.268721602981074E-5,0.0,-1.0,0,0,,0,,,0.0,0.0,0.0,false,false,true
44572,74950,14298,23,3,729.648374,133.35133,0,0,3.068712474983322E-4,2.09819555182543E-4,-0.3162619277855827,0,0,,0,0,,0.0,0.0,0.0,false,false,true
32739,875768,362170,910,400,5889.942676,2384.155132,113908.43,47110.41,0.0010390879776379133,0.001104453709583897,0.06290683113722007,19.33948024,19.759792208,0.021733364,125.174098901,117.776025,-0.059102274,0.0,0.0,0.0,false,false,true
40383,147624,21208,0,1,1370.975336,195.784199,0,0,0.0,4.715201810637495E-5,,0,0,,,0,,0.0,0.0,0.0,false,false,true
38277,1813330,309159,810,442,17275.459827,2816.990246,89813.33,48061.67,4.466919975955838E-4,0.0014296850487936629,2.200605912998781,5.198896637,17.06135478,2.281726099,110.880654321,108.736809955,-0.019334702,0.0,0.0,0.0,false,false,true
45657,171956,47492,9,15,1570.749456,458.121838,0,0,5.233897043429714E-5,3.1584266823886126E-4,5.0345602066312924,0,0,,0,0,,0.0,0.0,0.0,false,false,true
40711,692088,213135,63,16,6533.518584,1833.873758,0,0,9.102888649998266E-5,7.506979144673563E-5,-0.17531901868589883,0,0,,0,0,,0.0,0.0,0.0,false,false,true
39655,356026,98922,37,0,3340.748093,914.49052,0,0,1.0392499424199356E-4,0.0,-1.0,0,0,,0,,,0.0,0.0,0.0,false,false,true
32101,17743268,7829586,8784,3386,128479.378508,44839.942603,1001023.58,391233.39,4.950610000367463E-4,4.324622017051732E-4,-0.12644663652949173,7.79131711,8.725109072,0.119850335,113.959879326,115.544415239,0.013904331,0.0,0.0,0.0,false,false,true
40759,63497,12532,0,0,572.876134,115.522613,0,0,0.0,0.0,,0,0,,,,,0.0,0.0,0.0,false,false,true
40563,14063610,15382120,388,3891,130939.334362,141372.160381,149872.93,1416974.67,2.7588933424632795E-5,2.529560294679797E-4,8.16874985975818,1.144598227,10.023010656,7.756793799,386.270438144,364.167224364,-0.057222121,0.0,0.0,0.0,false,false,true
39954,1175351,201938,71,23,11396.904906,1817.624058,0,0,6.0407486784798756E-5,1.1389634442254553E-4,0.8854673565265254,0,0,,0,0,,0.0,0.0,0.0,false,false,true
38612,917014,124801,2216,633,8578.902394,1136.002305,16205.31,8339.85,0.0024165388968979754,0.005072074742990842,1.0989005182170595,1.888972418,7.341402357,2.886452913,7.312865523,13.175118483,0.801635548,0.0,0.0,0.0,false,false,true
45229,67878,27763,2,1,651.108795,259.719089,0,0,2.9464627714428828E-5,3.601916219428736E-5,0.2224543457119188,0,0,,0,0,,0.0,0.0,0.0,false,false,true
40167,1162805,430722,71,7,8579.877383,2498.677021,11618.95,1822.32,6.105924897123766E-5,1.625178189180028E-5,-0.7338358698211997,1.35420933,0.729313947,-0.461446668,163.647183099,260.331428571,0.590809103,0.0,0.0,0.0,false,false,true
45891,131821,61482,15,4,1235.126505,568.130404,0,0,1.13790670682213E-4,6.505969226765557E-5,-0.42825108703902504,0,0,,0,0,,0.0,0.0,0.0,false,false,true
36855,655364,20729,69,11,6114.882177,186.546803,0,0,1.0528500192259569E-4,5.306575329248878E-4,4.040200629098351,0,0,,0,0,,0.0,0.0,0.0,false,false,true
33473,4286730,1293120,10819,4139,29051.91676,6577.736775,8146082.17,3342894.47,0.002523835184394632,0.00320078569660975,0.2682229475208351,280.39740845,508.213475903,0.812475653,752.942246973,807.657518724,0.072668617,0.0,0.0,0.0,false,false,true
37209,614635,104907,66,90,5531.626365,931.815659,16960.31,16407.17,1.0738080324094788E-4,8.579027138322515E-4,6.989349007822513,3.066062109,17.607742306,4.742787223,256.974393939,182.301888889,-0.290583446,0.0,0.0,0.0,false,false,true
38715,1295542,494629,1,0,12465.885748,4492.278671,0,0,7.718777160447133E-7,0.0,-1.0,0,0,,0,,,0.0,0.0,0.0,false,false,true
40273,36640,8836,2,0,267.787485,46.805296,0,0,5.458515283842795E-5,0.0,-1.0,0,0,,0,,,0.0,0.0,0.0,false,false,true
41696,115687,18787,14,3,1083.99672,169.705269,0,0,1.2101619023745106E-4,1.5968488848671955E-4,0.31953326388308034,0,0,,0,0,,0.0,0.0,0.0,false,false,true
33330,676235,110708,1011,326,5928.122129,1025.839719,0,0,0.0014950424038980533,0.0029446833110524985,0.9696319672102731,0,0,,0,0,,0.0,0.0,0.0,false,false,true
36470,1127570,543620,30950,18247,7768.235439,3659.505738,0,0,0.027448406750800392,0.033565726058643906,0.2228660979626853,0,0,,0,0,,0.0,0.0,0.0,false,false,true
36941,573119,277062,276,72,5213.094299,2546.277838,0,0,4.815753796332001E-4,2.598696320679126E-4,-0.4603760012277899,0,0,,0,0,,0.0,0.0,0.0,false,false,true
39977,30783,3412,0,0,226.502321,17.432496,0,0,0.0,0.0,,0,0,,,,,0.0,0.0,0.0,false,false,true
37552,304141,62995,52,29,2683.803694,575.095459,0,0,1.7097333144824276E-4,4.6035399634891655E-4,1.692548553914535,0,0,,0,0,,0.0,0.0,0.0,false,false,true
40465,67654,13779,0,0,617.832338,130.400985,0,0,0.0,0.0,,0,0,,,,,0.0,0.0,0.0,false,false,true
46337,103289,24469,2,0,961.925704,222.765863,0,0,1.9363146123982225E-5,0.0,-1.0,0,0,,0,,,0.0,0.0,0.0,false,false,true
44620,38762,2373,0,0,380.868701,20.190223,0,0,0.0,0.0,,0,0,,,,,0.0,0.0,0.0,false,false,true
38274,198377,28438,4,0,1799.080272,264.427084,0,0,2.016362783992096E-5,0.0,-1.0,0,0,,0,,,0.0,0.0,0.0,false,false,true
38408,121445,10316,0,0,1152.297404,93.197568,0,0,0.0,0.0,,0,0,,,,,0.0,0.0,0.0,false,false,true
35086,14581111,2657603,6197,1775,93530.286147,12264.223001,0,0,4.250019082908017E-4,6.678950919305856E-4,0.5715108071316883,0,0,,0,0,,0.0,0.0,0.0,false,false,true
34052,287296,19109,153,37,2136.309756,79.625473,0,0,5.325517932724437E-4,0.0019362604008582344,2.635816131535734,0,0,,0,0,,0.0,0.0,0.0,false,false,true
37943,1944981,1037980,479,473,11948.790089,4980.511909,9831.04,8662.6,2.4627489934348976E-4,4.5569278791498873E-4,0.8503419923417173,0.822764475,1.739299124,1.113969644,20.524091858,18.314164905,-0.107674774,0.0,0.0,0.0,false,false,true
34094,12675793,3242293,7762,2675,88462.349179,17893.824596,0,0,6.123482767508116E-4,8.250333945759991E-4,0.3473270455723638,0,0,,0,0,,0.0,0.0,0.0,false,false,true
35374,6648172,2330767,0,0,42360.210923,10923.559595,0,0,0.0,0.0,,0,0,,,,,0.0,0.0,0.0,false,false,true
34835,22882902,7403914,315623,132065,167072.029411,50426.124019,11920280.6,5126663.12,0.013792962098950562,0.017837187195853435,0.2932093242836198,71.348152303,101.666809015,0.42493962,37.767464982,38.819241434,0.027848744,0.0,0.0,0.0,false,false,true
40649,17375,3536,0,0,133.842635,23.596196,0,0,0.0,0.0,,0,0,,,,,0.0,0.0,0.0,false,false,true
44264,318004,220460,689,603,3034.463057,2023.950589,0,0,0.0021666394133407125,0.002735190057153225,0.262411290181356,0,0,,0,0,,0.0,0.0,0.0,false,false,true
38208,248500,39966,24,8,2285.830403,363.030664,0,0,9.657947686116701E-5,2.001701446229295E-4,1.0725950391165822,0,0,,0,0,,0.0,0.0,0.0,false,false,true
41118,120014,32635,102,44,1145.190274,298.327477,0,0,8.499008449014281E-4,0.0013482457484296,0.5863565220787257,0,0,,0,0,,0.0,0.0,0.0,false,false,true
38992,1081337,406642,7,1,10193.486222,3674.809597,0,0,6.473467568389873E-6,2.459165555943557E-6,-0.6201161850332374,0,0,,0,0,,0.0,0.0,0.0,false,false,true
43332,5307687,4412396,173,281,47049.612188,39463.311635,6758,11162,3.2594235492786214E-5,6.368422054593469E-5,0.9538491878427195,0.143635615,0.28284499,0.969184244,39.063583815,39.722419929,0.016865737,0.0,0.0,0.0,false,false,true
35872,5562399,1176983,46183,309661,52928.62153,10816.038555,1347266.52,10232561.11,0.008302712552623428,0.2630972579892828,30.68810871407939,25.454404083,946.054422603,36.166630164,29.172347401,33.044397293,0.132730145,0.0,0.0,0.0,false,false,true
40035,56970,10489,0,0,529.682283,93.071171,0,0,0.0,0.0,,0,0,,,,,0.0,0.0,0.0,false,false,true
32040,1325370,254205,7921,2842,8322.682751,1197.183953,859121.38,304518.86,0.005976444313663354,0.011179953187388132,0.8706696826118685,103.226496276,254.362630936,1.46412152,108.461227118,107.149493315,-0.012094034,0.0,0.0,0.0,false,false,true
39134,399747,524337,454,300,2670.681611,3598.857839,0,0,0.001135718341851221,5.72151116552904E-4,-0.4962209418751681,0,0,,0,0,,0.0,0.0,0.0,false,false,true
41087,1635887,127987,15,4,15761.261931,1159.110776,700.55,97.95,9.169337490914714E-6,3.125317415049966E-5,2.4084440867692294,0.044447583,0.084504434,0.901215506,46.703333333,24.4875,-0.475679823,0.0,0.0,0.0,false,false,true
40856,99632,16020,23,9,932.739142,138.751335,13005.03,5623.8,2.308495262566244E-4,5.617977528089888E-4,1.4336101612115293,13.942837193,40.531501913,1.906976633,565.436086957,624.866666667,0.105105742,0.0,0.0,0.0,false,false,true
37168,459942,317424,0,0,4280.632099,2903.438845,0,0,0.0,0.0,,0,0,,,,,0.0,0.0,0.0,false,false,true
40101,37161,9885,0,0,270.929559,50.377402,0,0,0.0,0.0,,0,0,,,,,0.0,0.0,0.0,false,false,true
39447,99457,15529,0,0,960.731002,139.116422,0,0,0.0,0.0,,0,0,,,,,0.0,0.0,0.0,false,false,true
40991,376611,46737,1,0,3541.915418,428.879375,0,0,2.6552596711195373E-6,0.0,-1.0,0,0,,0,,,0.0,0.0,0.0,false,false,true
45414,567920,14665,3,0,5342.598766,125.48355,0,0,5.282434145654318E-6,0.0,-1.0,0,0,,0,,,0.0,0.0,0.0,false,false,true
38458,9468527,4656452,1062,1791,91398.19739,42357.602279,54699.27,87442.27,1.1216105736404406E-4,3.846276091753979E-4,2.429243787591999,0.598472088,2.06438196,2.449420619,51.505903955,48.823154662,-0.052086248,0.0,0.0,0.0,false,false,true
31464,4635229,3040454,18992,8754,27319.804336,17806.334974,12429790.14,5359431.01,0.004097316443265262,0.00287917528106,-0.2973021925625283,454.973615006,300.984510166,-0.33845722,654.475049495,612.226526159,-0.064553299,0.0,0.0,0.0,false,false,true
35855,1371646,2103338,94,153,9366.250167,11545.728638,9045.54,53056.49,6.853080167915046E-5,7.274151848157548E-5,0.061442689991266786,0.965758958,4.595334921,3.758262797,96.229148936,346.774444444,2.603632042,0.0,0.0,0.0,false,false,true
38319,2306405,556977,1608,628,20982.519533,5025.777734,0,0,6.971889152165383E-4,0.0011275151397634013,0.6172304452276167,0,0,,0,0,,0.0,0.0,0.0,false,false,true
43689,1251598,359434,542,562,11956.22648,3305.370364,341947.4,286838.09,4.3304639349056167E-4,0.0015635693896515076,2.610627898429977,28.599943349,86.779409994,2.034251115,630.899261993,510.388060498,-0.191014967,0.0,0.0,0.0,false,false,true
41095,172631,69353,0,1,1723.814144,656.605595,0,169,0.0,1.4418986921978862E-5,,0,0.257384343,,,169,,0.0,0.0,0.0,false,false,true
42948,116341,46207,95,54,1047.339654,302.977931,5273,5933,8.165650974291093E-4,0.0011686541000281343,0.43118301738287546,5.034660895,19.582284361,2.889494202,55.505263158,109.87037037,0.979458598,0.0,0.0,0.0,false,false,true
30295,10638336,5352042,1903,1363,86385.256126,31087.182142,2052139.5,1506830.48,1.7888135888920973E-4,2.546691524468605E-4,0.42367630718072746,23.75566841,48.471118196,1.040402205,1078.370730426,1105.524930301,0.025180765,0.0,0.0,0.0,false,false,true
38838,7876195,895034,3325,1060,73737.009085,8228.866928,3325,1060,4.221581613964611E-4,0.001184312551255036,1.8053764194382436,0.045092689,0.128814819,1.856667497,1,1,0,0.0,0.0,0.0,false,false,true
45580,686111,430949,17,1,5019.338633,2474.711419,0,0,2.4777331947746065E-5,2.3204601936656078E-6,-0.9063474550625821,0,0,,0,0,,0.0,0.0,0.0,false,false,true
33195,261559,23096,10,2,1840.535617,129.291102,209.97,10,3.823229175826487E-5,8.659508139937652E-5,1.2649722895739521,0.114080922,0.077344843,-0.322017725,20.997,5,-0.761870743,0.0,0.0,0.0,false,false,true
34587,564953,101948,17250,10097,3531.660944,541.218273,567186.94,382963.71,0.03053351340730999,0.09904068740926747,2.24367150573495,160.600620783,707.595676467,3.405933632,32.880402319,37.928464891,0.153528005,0.0,0.0,0.0,false,false,true
36623,1258078,106686,430,39,11415.344964,937.968913,0,0,3.417912084942269E-4,3.6555874247792586E-4,0.06953816655614875,0,0,,0,0,,0.0,0.0,0.0,false,false,true
33439,3195761,752112,0,0,23236.86137,4424.45511,0,0,0.0,0.0,,0,0,,,,,0.0,0.0,0.0,false,false,true
33666,1141784,729189,234,135,7480.398006,4962.829696,126153.92,78126.96,2.0494244095205398E-4,1.8513718665531158E-4,-0.09663813022201595,16.864599972,15.742422123,-0.066540437,539.119316239,578.718222222,0.073451098,0.0,0.0,0.0,false,false,true
40028,114791,26546,0,1,810.839781,147.757854,0,0,0.0,3.7670458826188506E-5,,0,0,,,0,,0.0,0.0,0.0,false,false,true
40475,49630,14845,0,0,458.616958,136.455515,0,0,0.0,0.0,,0,0,,,,,0.0,0.0,0.0,false,false,true
38019,922300,371204,227,108,8648.058696,3355.17129,682716.2,371958.17,2.4612382088257616E-4,2.909451406773634E-4,0.18210882487547253,78.944445684,110.861156659,0.404293306,3007.560352423,3444.05712963,0.145133173,0.0,0.0,0.0,false,false,true
41030,281852,46872,0,0,2874.74495,464.017774,0,0,0.0,0.0,,0,0,,,,,0.0,0.0,0.0,false,false,true
38031,554431,182754,553,272,5159.811135,1759.013877,105008.59,60529.67,9.974189754901872E-4,0.0014883395165085306,0.4921908977890437,20.351246829,34.411138418,0.690861435,189.888951175,222.535551471,0.171924696,0.0,0.0,0.0,false,false,true
38406,112145,12652,99,65,1125.09292,117.283752,0,0,8.827856792545365E-4,0.005137527663610497,4.819677170056558,0,0,,0,0,,0.0,0.0,0.0,false,false,true
31594,589829,419717,123,97,3248.648298,1986.871067,0,0,2.0853501608093192E-4,2.3110810379374673E-4,0.1082460305086328,0,0,,0,0,,0.0,0.0,0.0,false,false,true
34976,211706,42462,5,0,1553.07704,237.381184,1127,0,2.3617658450870546E-5,0.0,-1.0,0.725656211,0,-1,225.4,,,0.0,0.0,0.0,false,false,true
40113,1144997,212703,567,409,11943.039827,2130.768148,162822.4,93021,4.951978040117136E-4,0.0019228689769302738,2.883032116363726,13.633246004,43.656087166,2.202178495,287.164726631,227.435207824,-0.207997408,0.0,0.0,0.0,false,false,true
40478,168041,78907,1,14,1594.107561,768.827444,12.99,0,5.9509286424146485E-6,1.7742405616738693E-4,28.814515822423868,0.00814876,0,-1,12.99,0,-1,0.0,0.0,0.0,false,false,true
40960,64604,14234,0,0,559.838646,94.448505,0,0,0.0,0.0,,0,0,,,,,0.0,0.0,0.0,false,false,true
37527,686239,315886,0,0,5273.238973,1951.443147,0,0,0.0,0.0,,0,0,,,,,0.0,0.0,0.0,false,false,true
40433,33705,9548,0,0,271.158259,47.663937,0,0,0.0,0.0,,0,0,,,,,0.0,0.0,0.0,false,false,true
40165,4761648,1273575,667,512,44628.247204,11416.100252,38003.93,30283.25,1.4007755298165678E-4,4.020179416210274E-4,1.869966908071787,0.851566718,2.652679053,2.11505722,56.977406297,59.146972656,0.038077661,0.0,0.0,0.0,false,false,true
44101,365340,62391,3,2,3496.045899,569.057064,0,0,8.211528986697322E-6,3.2055905499190586E-5,2.90376817169143,0,0,,0,0,,0.0,0.0,0.0,false,false,true
44228,3003394,520669,11790,3011,29072.272871,5010.142385,320052,97382,0.003925558884382136,0.005782944634691138,0.4731519269010649,11.008839984,19.436972548,0.765578624,27.14605598,32.342079044,0.191409871,0.0,0.0,0.0,false,false,true
45789,125938,54427,3,1,1189.680265,482.630292,0,0,2.382124537470819E-5,1.8373233872893967E-5,-0.22870389083849318,0,0,,0,0,,0.0,0.0,0.0,false,false,true
37862,604056,398052,40,544,5612.006627,2922.737356,5479.85,63903.74,6.621902605056485E-5,0.001366655612834504,19.63841307165898,0.976451092,21.86434572,21.391644496,136.99625,117.470110294,-0.142530469,0.0,0.0,0.0,false,false,true
42794,50365,8279,54,10,465.273623,75.961734,3367.34,623.18,0.001072173136106423,0.0012078753472641623,0.12656744194369507,7.237332687,8.203867489,0.133548483,62.358148148,62.318,-0.000643832,0.0,0.0,0.0,false,false,true
31412,1630942,306253,2719,542,15161.90843,2742.072453,10063776,1818530,0.0016671346988427547,0.0017697785817608316,0.06156903997579044,663.753909771,663.195459336,-0.000841352,3701.278411181,3355.221402214,-0.093496617,0.0,0.0,0.0,false,false,true
37044,5256477,800077,20,14,49260.476003,7239.316403,0,0,3.804829736722904E-6,1.749831578710549E-5,3.5989747236828453,0,0,,0,0,,0.0,0.0,0.0,false,false,true
31382,976668,420532,262,335,5373.875237,1786.157254,47992.98,65507.63,2.682590194416117E-4,7.966100082752323E-4,1.9695553571074602,8.930795354,36.675175074,3.106596739,183.179312977,195.545164179,0.067506811,0.0,0.0,0.0,false,false,true
39557,110906,24588,123,150,798.306561,141.811002,0,0,0.0011090473013182335,0.0061005368472425575,4.500700321790919,0,0,,0,0,,0.0,0.0,0.0,false,false,true
41801,130824,26331,15,0,1207.822789,241.441401,0,0,1.1465786094294624E-4,0.0,-1.0,0,0,,0,,,0.0,0.0,0.0,false,false,true
35638,391578,86079,954,1192,2436.120624,390.229963,0,0,0.002436296216845686,0.013847744513760616,4.6839330201355915,0,0,,0,0,,0.0,0.0,0.0,false,false,true
40235,46048,7705,95,32,429.472796,69.849084,5154.23,1639.81,0.0020630646282140375,0.004153147306943543,1.0130960756856449,12.001295654,23.476471073,0.95616138,54.255052632,51.2440625,-0.055496953,0.0,0.0,0.0,false,false,true
37505,4339667,1175589,11896,5956,32923.715641,8554.795723,471923.38,223882.37,0.002741224153834845,0.005066396504220438,0.8482240852623397,14.333843274,26.170393455,0.825776448,39.670761601,37.589383815,-0.052466293,0.0,0.0,0.0,false,false,true
44078,129201,21753,1,0,1216.610842,195.512398,0,0,7.739878174317536E-6,0.0,-1.0,0,0,,0,,,0.0,0.0,0.0,false,false,true
37075,154348,45380,22,19,826.680918,198.982882,8547,6577,1.4253505066473164E-4,4.186866460996033E-4,1.9374293841900716,10.338934665,33.053094487,2.196953609,388.5,346.157894737,-0.108988688,0.0,0.0,0.0,false,false,true
31604,13666230,2752594,527,8,123693.383569,25028.81344,0,0,3.8562207719319814E-5,2.9063494289386664E-6,-0.9246321826257221,0,0,,0,0,,0.0,0.0,0.0,false,false,true
41670,71289,10354,0,0,534.543465,58.296894,0,0,0.0,0.0,,0,0,,,,,0.0,0.0,0.0,false,false,true
45174,238375,38255,361,2,2299.355416,373.038643,0,0,0.0015144205558468799,5.228074761469089E-5,-0.9654780520425154,0,0,,0,0,,0.0,0.0,0.0,false,false,true
33420,583514,191911,1,0,3314.287483,890.240578,0,0,1.7137549398986142E-6,0.0,-1.0,0,0,,0,,,0.0,0.0,0.0,false,false,true
37779,201782,82061,177,15,1563.273981,521.605825,0,0,8.771842879939736E-4,1.827908507086192E-4,-0.7916163647588328,0,0,,0,0,,0.0,0.0,0.0,false,false,true
34328,1733239,304375,1268,100,11000.885547,1787.173207,0,0,7.315782762792667E-4,3.2854209445585213E-4,-0.5509132718828338,0,0,,0,0,,0.0,0.0,0.0,false,false,true
35760,73612,16366,0,9,537.056086,95.234977,0,0,0.0,5.499205670292069E-4,,0,0,,,0,,0.0,0.0,0.0,false,false,true
41693,12672,2195,0,0,115.399274,18.699668,0,0,0.0,0.0,,0,0,,,,,0.0,0.0,0.0,false,false,true
40917,29623,1108,29,5,288.401012,10.46588,0,0,9.789690443236675E-4,0.004512635379061372,3.609579235652931,0,0,,0,0,,0.0,0.0,0.0,false,false,true
44809,196740,180052,1,23,1830.979708,1654.473326,0,0,5.0828504625393924E-6,1.2774087485837424E-4,24.131739719636546,0,0,,0,0,,0.0,0.0,0.0,false,false,true
41076,37108,9068,0,0,266.826898,46.873541,0,0,0.0,0.0,,0,0,,,,,0.0,0.0,0.0,false,false,true
42062,60794,11249,1,0,570.91349,96.104049,47.25,0,1.644899167681021E-5,0.0,-1.0,0.082762101,0,-1,47.25,,,0.0,0.0,0.0,false,false,true
45359,271671,22546,35,2,2458.317542,201.004783,35,2,1.2883230083446522E-4,8.870753126940477E-5,-0.31144960778598674,0.01423738,0.009950012,-0.301134619,1,1,0,0.0,0.0,0.0,false,false,true
36361,119425,19307,1,0,1120.485812,181.954355,0,0,8.373456144023446E-6,0.0,-1.0,0,0,,0,,,0.0,0.0,0.0,false,false,true
34694,256822,21529,0,0,2409.741508,195.559309,0,0,0.0,0.0,,0,0,,,,,0.0,0.0,0.0,false,false,true
42687,69504,13016,29,8,650.333279,114.785377,0,0,4.172421731123389E-4,6.146281499692685E-4,0.4730729288091047,0,0,,0,0,,0.0,0.0,0.0,false,false,true
37199,137893,25505,49,4,1063.95716,196.912645,4759.49,583.01,3.5534798720747245E-4,1.5683199372672026E-4,-0.5586523650824768,4.473385,2.960754501,-0.338140021,97.13244898,145.7525,0.500554156,0.0,0.0,0.0,false,false,true
43576,59197,65938,0,0,536.67626,605.014329,0,0,0.0,0.0,,0,0,,,,,0.0,0.0,0.0,false,false,true
35710,384890,173166,1,0,2721.779145,946.52446,0,0,2.59814492452389E-6,0.0,-1.0,0,0,,0,,,0.0,0.0,0.0,false,false,true
33876,8159416,4729896,13735,10219,59014.926835,31299.478354,2401605.52,4632078.4,0.0016833312580214073,0.0021605126201506334,0.2834744259962869,40.694882614,147.992191678,2.636629035,174.852968329,453.280986398,1.592355113,0.0,0.0,0.0,false,false,true
45836,2655703,947627,85,102,19537.282648,8703.952187,0,0,3.20065910984775E-5,1.076372876669829E-4,2.3629725619890527,0,0,,0,0,,0.0,0.0,0.0,false,false,true
47092,13950,5130,0,0,125.390346,46.998039,0,0,0.0,0.0,,0,0,,,,,0.0,0.0,0.0,false,false,true
40085,209018,93622,4,5,1609.911802,884.419711,0,0,1.913710780889684E-5,5.3406250667578135E-5,1.790716925508962,0,0,,0,0,,0.0,0.0,0.0,false,false,true
41426,3115511,840468,1427,770,30250.397834,7601.742159,201459.06,103009.91,4.580308013677371E-4,9.161562367633272E-4,1.0002066106200074,6.659716051,13.55082925,1.034745798,141.1766363,133.779103896,-0.052399126,0.0,0.0,0.0,false,false,true
43303,7573744,1089262,428,175,59650.049153,9832.883087,32315.05,16009.35,5.6511020177074904E-5,1.6065923533548402E-4,1.8429717749222196,0.541743896,1.628144041,2.005375885,75.502453271,91.482,0.211642749,0.0,0.0,0.0,false,false,true
40018,59327,7256,0,0,417.054033,35.527535,0,0,0.0,0.0,,0,0,,,,,0.0,0.0,0.0,false,false,true
43160,122054,37229,0,0,1142.321691,323.585854,0,0,0.0,0.0,,0,0,,,,,0.0,0.0,0.0,false,false,true
32784,1018102,241265,119,103,9581.945539,2182.1383,31718.54,26965.75,1.1688416288348319E-4,4.269164611526744E-4,2.6524748145584884,3.310240063,12.357488982,2.733109607,266.542352941,261.803398058,-0.017779369,0.0,0.0,0.0,false,false,true
44165,148211,19915,1,0,1425.737228,172.372813,0,0,6.747137526904211E-6,0.0,-1.0,0,0,,0,,,0.0,0.0,0.0,false,false,true
45262,26247,19245,0,3,241.475483,173.506323,0,0,0.0,1.558846453624318E-4,,0,0,,,0,,0.0,0.0,0.0,false,false,true
37798,3006484,611595,2519,353,28686.152586,5609.886907,0,0,8.37855781038582E-4,5.771793425387716E-4,-0.31112327968505915,0,0,,0,0,,0.0,0.0,0.0,false,false,true
37936,522768,92534,11,2,3302.353461,562.934223,0,0,2.1041838827166162E-5,2.161367713489096E-5,0.027176251677516028,0,0,,0,0,,0.0,0.0,0.0,false,false,true
45245,826050,100012,81,1440,7904.012473,938.688071,0,0,9.805701834029417E-5,0.01439827220733512,145.8357130477676,0,0,,0,0,,0.0,0.0,0.0,false,false,true
38689,1642581,310805,46,25,15395.840209,2746.809379,3808.93,1565.57,2.8004707226005902E-5,8.043628641752868E-5,1.8722416473911014,0.247399944,0.569959464,1.30379787,82.802826087,62.6228,-0.243711804,0.0,0.0,0.0,false,false,true
39670,314082,50497,102,13,2872.509235,469.013726,0,0,3.2475595545112423E-4,2.574410361011545E-4,-0.20727847548310963,0,0,,0,0,,0.0,0.0,0.0,false,false,true
41211,2336667,105198,144,34,22781.56899,980.352301,0,0,6.162623942564345E-5,3.2320006083765853E-4,4.244520253870479,0,0,,0,0,,0.0,0.0,0.0,false,false,true
39754,283847,35084,45,35,2756.174092,326.025994,16009.71,9240.2,1.585361127649755E-4,9.976057462090981E-4,5.292608849871419,5.808671537,28.341911903,3.879241617,355.771333333,264.005714286,-0.25793427,0.0,0.0,0.0,false,false,true
40377,204935,108407,6,10,1952.10572,1059.828702,0,0,2.9277575816722375E-5,9.224496573099523E-5,2.150703675346918,0,0,,0,0,,0.0,0.0,0.0,false,false,true
33103,1961638,3448,270,1,15981.957406,25.953312,0,0,1.3764007426446675E-4,2.900232018561485E-4,1.1071130875655237,0,0,,0,0,,0.0,0.0,0.0,false,false,true
44821,726875,79369,49,6,6800.474985,636.931955,0,0,6.741186586414446E-5,7.55962655444821E-5,0.12140888811521267,0,0,,0,0,,0.0,0.0,0.0,false,false,true
37955,1780411,778403,117,76,11826.404502,4738.267955,9022.6,6534,6.571516352123189E-5,9.763580047867236E-5,0.48574233475242345,0.762919956,1.378984908,0.80750929,77.116239316,85.973684211,0.114858362,0.0,0.0,0.0,false,false,true
39213,740782,162047,11,14,7151.891366,1470.757135,0,0,1.4849172901069411E-5,8.639468796090023E-5,4.8181481579137815,0,0,,0,0,,0.0,0.0,0.0,false,false,true
30949,149984,58898,0,0,1203.286622,352.709007,0,0,0.0,0.0,,0,0,,,,,0.0,0.0,0.0,false,false,true
40204,37999,9342,0,0,268.29471,47.719803,0,0,0.0,0.0,,0,0,,,,,0.0,0.0,0.0,false,false,true
38118,346234,315181,99,121,2664.418997,2831.592799,10265.8,29618.7,2.8593379044230204E-4,3.839063902963694E-4,0.3426408599785167,3.852922536,10.460084519,1.714844231,103.694949495,244.782644628,1.360603345,0.0,0.0,0.0,false,false,true
39667,2377112,534086,269,102,15811.835536,2633.963353,80924.5,29545.9,1.1316252662895144E-4,1.909804787992945E-4,0.6876653826005521,5.117970005,11.217278314,1.191743661,300.834572491,289.665686275,-0.037126339,0.0,0.0,0.0,false,false,true
45749,88500,201508,21,58,845.570413,1824.611164,0,0,2.3728813559322035E-4,2.8782976358258727E-4,0.21299686081233205,0,0,,0,0,,0.0,0.0,0.0,false,false,true
41935,141009,43683,0,0,1289.575269,386.175378,0,0,0.0,0.0,,0,0,,,,,0.0,0.0,0.0,false,false,true
40795,360766,88819,81,60,2638.452147,477.987493,0,0,2.2452226651070224E-4,6.755311363559599E-4,2.0087489622048667,0,0,,0,0,,0.0,0.0,0.0,false,false,true
45118,136544,52969,0,0,1250.586723,465.251668,0,0,0.0,0.0,,0,0,,,,,0.0,0.0,0.0,false,false,true
40559,361046,125679,5,1,3417.077543,1135.757104,0,0,1.3848650864432788E-5,7.956778777679644E-6,-0.4254473698867751,0,0,,0,0,,0.0,0.0,0.0,false,false,true
40042,36556,5492,0,0,268.538941,30.671127,0,0,0.0,0.0,,0,0,,,,,0.0,0.0,0.0,false,false,true
32756,6830779,201138,8620,454,48737.273045,1126.671815,0,0,0.0012619351321423223,0.002257156777933558,0.7886472295146416,0,0,,0,0,,0.0,0.0,0.0,false,false,true
39606,31107,36240,6,56,306.648312,331.711535,673.05,6196.42,1.9288263091908573E-4,0.0015452538631346578,7.011368653421634,2.194859628,18.68014629,7.510861493,112.175,110.650357143,-0.013591646,0.0,0.0,0.0,false,false,true
38682,779567,13315575,564,0,6932.41779,121147.048985,0,0,7.234785464238481E-4,0.0,-1.0,0,0,,0,,,0.0,0.0,0.0,false,false,true
30733,943966,394019,267,612,9411.491858,3700.810573,144496.68,126724.69,2.8284917041503614E-4,0.001553224590692327,4.491352823885667,15.353217341,34.242414601,1.230308726,541.186067416,207.066486928,-0.617383929,0.0,0.0,0.0,false,false,true
33023,5032995,759642,5965,1093,27900.760982,3085.860652,856827.61,129415.45,0.0011851790037542258,0.001438835662061866,0.21402392170646456,30.709829404,41.938202853,0.365627998,143.642516345,118.403888381,-0.17570444,0.0,0.0,0.0,false,false,true
46290,78034,33579,25,112,711.602822,311.586663,2218,6864.48,3.2037317066919545E-4,0.003335417969564311,9.411040233479259,3.116907257,22.030724723,6.068136106,88.72,61.29,-0.309174932,0.0,0.0,0.0,false,false,true
43621,157481,31126,2,1,1431.720392,284.685236,0,0,1.2699944755240314E-5,3.2127481847972756E-5,1.5297339844502988,0,0,,0,0,,0.0,0.0,0.0,false,false,true
31460,4636957,828145,18981,4026,31739.741471,4595.36189,1539391,319076,0.0040934172993193595,0.004861467496634043,0.18763056418469537,48.500426552,69.434357432,0.431623645,81.101680628,79.253849975,-0.022784123,0.0,0.0,0.0,false,false,true
39984,87697,33018,0,0,677.008658,185.959929,0,0,0.0,0.0,,0,0,,,,,0.0,0.0,0.0,false,false,true
43597,144718,17037,134,29,1070.262127,95.139119,0,0,9.259387222045634E-4,0.0017021776134295945,0.8383264168679407,0,0,,0,0,,0.0,0.0,0.0,false,false,true
40126,998132,217585,307,284,9317.391051,2009.124956,38599.09,44510.14,3.07574549258014E-4,0.0013052370338028816,3.2436444658753674,4.142692926,22.153992895,4.347727503,125.729934853,156.72584507,0.246527689,0.0,0.0,0.0,false,false,true
41905,32569,5744,0,0,279.489931,29.203326,0,0,0.0,0.0,,0,0,,,,,0.0,0.0,0.0,false,false,true
37448,1661885,368509,991,421,15658.116969,3365.092223,288162.25,161067.45,5.963108157303304E-4,0.0011424415685912692,0.9158491485552991,18.403378297,47.864200838,1.600837741,290.77926337,382.583016627,0.3157163,0.0,0.0,0.0,false,false,true
33448,549887,146756,463,328,5238.728174,1324.397053,0,0,8.419911727318522E-4,0.002235002316770694,1.6544248789677898,0,0,,0,0,,0.0,0.0,0.0,false,false,true
44714,1830341,1052982,189,123,14017.570217,7056.799023,0,0,1.0325944728332043E-4,1.1681111358028913E-4,0.1312389970458201,0,0,,0,0,,0.0,0.0,0.0,false,false,true
38323,1477389,2166225,185,794,14837.290975,20192.178632,244801.98,604179.34,1.252209133816483E-4,3.6653625546746065E-4,1.9271169293449524,16.499102189,29.921453797,0.813520121,1323.253945946,760.93115869,-0.424954552,0.0,0.0,0.0,false,false,true
37702,3987789,762429,11857,5496,37504.940311,6804.530438,682942.97,307747.3,0.0029733268234603187,0.007208540073895406,1.4244021938719138,18.209413596,45.226823923,1.483705677,57.598293835,55.99477802,-0.027839641,0.0,0.0,0.0,false,false,true
36932,136455,284014,0,0,1161.043649,2635.814444,0,0,0.0,0.0,,0,0,,,,,0.0,0.0,0.0,false,false,true
40004,17140,3167,0,0,164.758549,27.477452,0,0,0.0,0.0,,0,0,,,,,0.0,0.0,0.0,false,false,true
47073,9880,75235,0,49,93.60175,695.653655,0,0,0.0,6.51292616468399E-4,,0,0,,,0,,0.0,0.0,0.0,false,false,true
45725,28222,23913,2,9,260.145517,223.517178,0,0,7.086669973779322E-5,3.763643206624012E-4,4.310876928867144,0,0,,0,0,,0.0,0.0,0.0,false,false,true
42795,31246,5114,36,24,287.54025,46.401761,2618.56,2360.24,0.0011521474748767842,0.004692999608916699,3.073262938339199,9.106759836,50.865310909,4.585445518,72.737777778,98.343333333,0.352025541,0.0,0.0,0.0,false,false,true
40168,112151,30921,5,4,1000.93981,285.726492,0,0,4.458275004235361E-5,1.2936192231816565E-4,1.9016137899809191,0,0,,0,0,,0.0,0.0,0.0,false,false,true
45901,385284,6601,21,3,3765.479106,64.522341,0,0,5.4505248076743386E-5,4.5447659445538557E-4,7.33821715324518,0,0,,0,0,,0.0,0.0,0.0,false,false,true
30750,11664617,3287345,882,319,76705.278785,21130.854405,2198982.26,895105.48,7.561328417383957E-5,9.703879574550283E-5,0.2833564472931067,28.667939089,42.360117714,0.477612938,2493.177165533,2805.973291536,0.12546085,0.0,0.0,0.0,false,false,true
37878,3889280,161042,9407,760,35971.865234,1494.265209,2821794.2,323813.12,0.0024186996050682905,0.004719265781597347,0.9511582884076675,78.444478251,216.703914439,1.762513299,299.967492293,426.069894737,0.420386894,0.0,0.0,0.0,false,false,true
32207,9077787,3395955,12390,2639,87354.69447,31232.929751,0,0,0.0013648700944404182,7.771009922098496E-4,-0.4306410585335211,0,0,,0,0,,0.0,0.0,0.0,false,false,true
40015,135695,32494,0,0,1119.451715,205.500574,0,0,0.0,0.0,,0,0,,,,,0.0,0.0,0.0,false,false,true
33857,123652,94635,11,6,921.321158,508.01571,0,0,8.895933749555203E-5,6.340148993501347E-5,-0.28729808786870126,0,0,,0,0,,0.0,0.0,0.0,false,false,true
35967,4520751,55728,734,24,41634.914316,518.650596,508291.18,24522.01,1.623624039457161E-4,4.306632213608958E-4,1.6524811834202873,12.208291727,47.280404552,2.872810841,692.49479564,1021.750416667,0.475462954,0.0,0.0,0.0,false,false,true
32094,1465475,208705,316,153,13710.981891,1920.26891,118770.4,61920.6,2.1562974462205087E-4,7.330921635801729E-4,2.3997729064008033,8.662428478,32.245796241,2.722489175,375.855696203,404.709803922,0.076769111,0.0,0.0,0.0,false,false,true
45630,1365170,1977750,50,179,9056.443279,11101.240374,3211,22515.2,3.662547521554092E-5,9.050688914170143E-5,1.471145796991531,0.3545542,2.028169758,4.720337703,64.22,125.783240223,0.958630337,0.0,0.0,0.0,false,false,true
33592,6390747,985097,11972,4216,38165.93008,4441.748903,7199494.68,3044449.9,0.0018733334303485962,0.004279781584960669,1.2845807989260476,188.636688924,685.416930692,2.63352927,601.36106582,722.118097723,0.200806202,0.0,0.0,0.0,false,false,true
39652,300478,53058,6,2,2859.283939,478.371124,0,0,1.996818402678399E-5,3.769459836405443E-5,0.8877329212057248,0,0,,0,0,,0.0,0.0,0.0,false,false,true
33389,3606499,1083212,1252,2159,26538.747462,9940.960132,880189.64,894495.33,3.471510736589695E-4,0.0019931463093097197,4.741437836564852,33.166208815,89.980778327,1.713025743,703.02686901,414.310018527,-0.410676836,0.0,0.0,0.0,false,false,true
38456,379177,198020,1,2,2390.814228,1000.210566,0,0,2.6372907639440155E-6,1.00999899000101E-5,2.8296838703161296,0,0,,0,0,,0.0,0.0,0.0,false,false,true
37796,1868979,1107201,703,261,10681.208845,6852.410396,0,0,3.7614119794818457E-4,2.3572955588009765E-4,-0.3732950361035149,0,0,,0,0,,0.0,0.0,0.0,false,false,true
39241,708527,42731,0,1,6718.67677,400.322877,0,0,0.0,2.3402213849430155E-5,,0,0,,,0,,0.0,0.0,0.0,false,false,true
34781,2028359,944924,153,85,13366.934902,6147.113272,171444.27,93810.26,7.543043415884466E-5,8.995432436894396E-5,0.1925468197559923,12.825997228,15.260864059,0.189838403,1120.550784314,1103.650117647,-0.015082464,0.0,0.0,0.0,false,false,true
42788,641833,106285,1868,727,5713.381572,926.65904,149563.02,57661.16,0.0029104143912824674,0.006840099731853037,1.3502150595259264,26.177670459,62.224785505,1.37701768,80.065856531,79.313837689,-0.009392504,0.0,0.0,0.0,false,false,true
40011,37634,1805,0,0,267.982875,10.405006,0,0,0.0,0.0,,0,0,,,,,0.0,0.0,0.0,false,false,true
38668,488977,132380,8,6,4598.200892,1200.880968,0,0,1.6360687721508372E-5,4.532406707961928E-5,1.7703032935488747,0,0,,0,0,,0.0,0.0,0.0,false,false,true
40312,110619,18261,13,0,1031.536868,170.738512,0,0,1.1752049828691273E-4,0.0,-1.0,0,0,,0,,,0.0,0.0,0.0,false,false,true
45918,300913,50963,147,72,2883.368865,469.035783,6190.53,3567.95,4.885132912170627E-4,0.0014127896709377392,1.8920188996659042,2.146978167,7.606988911,2.543114237,42.11244898,49.554861111,0.176727127,0.0,0.0,0.0,false,false,true
36939,373130,59415,24,1,3434.989486,553.48028,0,0,6.4320746120655E-5,1.6830766641420516E-5,-0.7383306684619484,0,0,,0,0,,0.0,0.0,0.0,false,false,true
39422,471055,70809,174,27,3178.127061,660.93988,0,0,3.6938361762426893E-4,3.8130746091598523E-4,0.032280379320571484,0,0,,0,0,,0.0,0.0,0.0,false,false,true
35637,2345714,914493,341,49,17102.805458,8191.960697,78812.61,11849.4,1.4537151587959999E-4,5.3581602046161094E-5,-0.6314160877944026,4.608168537,1.446466901,-0.686108073,231.12202346,241.824489796,0.046306562,0.0,0.0,0.0,false,false,true
40688,267726,14578,82,15,1983.410908,130.492533,28910.85,4366,3.062832896319371E-4,0.0010289477294553437,2.3594641440995288,14.576329032,33.457853102,1.295355232,352.571341463,291.066666667,-0.174446041,0.0,0.0,0.0,false,false,true
41156,9747128,1212399,7140,3166,87434.945814,10974.371082,4137056,1581138.15,7.325234674254817E-4,0.002611351543510016,2.5648708329957555,47.315818195,144.075513593,2.044975636,579.419607843,499.411923563,-0.138082459,0.0,0.0,0.0,false,false,true
39279,156127,20901,59,28,1243.12491,114.692524,0,0,3.778974808969621E-4,0.0013396488206305918,2.545005956247329,0,0,,0,0,,0.0,0.0,0.0,false,false,true
38686,214238,74589,87,66,2041.411244,507.475131,16936.57,16235.38,4.060904228008103E-4,8.848489723685798E-4,1.1789456797965494,8.296500791,31.992464277,2.856139484,194.673218391,245.990606061,0.263607845,0.0,0.0,0.0,false,false,true
39718,23741400,17952407,1485,631,233253.687934,154575.522217,0,0,6.25489650989411E-5,3.5148490116116464E-5,-0.43806440185672235,0,0,,0,0,,0.0,0.0,0.0,false,false,true
33283,1357577,953480,1569,881,8442.804177,4618.553175,500641.1,251190.56,0.001155735549438448,9.239837227839073E-4,-0.2005232310861641,59.29796422,54.387283308,-0.082813651,319.082919057,285.119818388,-0.106439733,0.0,0.0,0.0,false,false,true
38167,210528,43670,4,0,1553.189172,247.123352,0,0,1.899984800121599E-5,0.0,-1.0,0,0,,0,,,0.0,0.0,0.0,false,false,true
36408,381151,65069,4,2,3576.811976,565.321098,0,0,1.04945284152475E-5,3.0736602683305414E-5,1.9288217123361355,0,0,,0,0,,0.0,0.0,0.0,false,false,true
38538,186159,24485,11,1,1714.801066,223.379542,0,0,5.908927314822275E-5,4.0841331427404534E-5,-0.30881987116416354,0,0,,0,0,,0.0,0.0,0.0,false,false,true
38998,218539,103109,1,173,2086.381351,944.884238,59.99,21370.2,4.575842298171036E-6,0.0016778360763851847,365.67261829714187,0.028753133,22.616738793,785.583458331,59.99,123.52716763,1.059129315,0.0,0.0,0.0,false,false,true
40036,73239,15373,0,0,686.588747,139.365664,0,0,0.0,0.0,,0,0,,,,,0.0,0.0,0.0,false,false,true
32023,11421260,3885398,14279,7906,53591.149955,23358.637111,875309.81,410536.28,0.0012502123233338529,0.002034797979512009,0.6275619281099045,16.333103707,17.575352451,0.076057115,61.300497934,51.927179357,-0.152907707,0.0,0.0,0.0,false,false,true
46722,652490,2109875,1,3,5998.494349,32954.50016,0,0,1.5325905377860197E-6,1.4218851827714913E-6,-0.07223413709342963,0,0,,0,0,,0.0,0.0,0.0,false,false,true
42435,353104,160244,102,28,3440.866935,1445.56761,0,0,2.8886673614572476E-4,1.7473353136466887E-4,-0.3951067758922545,0,0,,0,0,,0.0,0.0,0.0,false,false,true
36232,19135871,10053144,173,107,184318.154808,88706.761014,12593.88,7182.17,9.040612784231249E-6,1.0643436520953048E-5,0.17729149284188606,0.068326856,0.080965305,0.184970446,72.79699422,67.123084112,-0.077941544,0.0,0.0,0.0,false,false,true
43029,63278,13120,10,48,608.303625,114.268174,1752.5,7942.3,1.5803280761086E-4,0.003658536585365854,22.15048780487805,2.880962611,69.505792575,23.125891919,175.25,165.464583333,-0.0558369,0.0,0.0,0.0,false,false,true
42390,30109,57680,0,0,213.88917,331.073646,0,0,0.0,0.0,,0,0,,,,,0.0,0.0,0.0,false,false,true
41522,452289,193317,194,193,4387.884611,1723.231491,0,0,4.289292907853165E-4,9.983602062932904E-4,1.327563604866938,0,0,,0,0,,0.0,0.0,0.0,false,false,true
44904,242725,40282,2,5,2255.789133,373.140814,0,0,8.239777526006799E-6,1.2412491931880243E-4,14.064110520828159,0,0,,0,0,,0.0,0.0,0.0,false,false,true
43810,255485,208239,5,0,1682.66985,1262.956086,0,0,1.957062058437873E-5,0.0,-1.0,0,0,,0,,,0.0,0.0,0.0,false,false,true
36725,148620,111277,1,0,1259.566225,768.238681,0,0,6.728569506122998E-6,0.0,-1.0,0,0,,0,,,0.0,0.0,0.0,false,false,true
36497,18751,53602,0,2,168.343487,482.655319,0,0,0.0,3.7312040595500165E-5,,0,0,,,0,,0.0,0.0,0.0,false,false,true
37016,62946,9902,7,0,572.879925,92.201293,0,0,1.1120643090903314E-4,0.0,-1.0,0,0,,0,,,0.0,0.0,0.0,false,false,true
44762,696886,32855,91,0,6402.296924,281.206781,6295.37,0,1.3058089845397955E-4,0.0,-1.0,0.983298662,0,-1,69.17989011,,,0.0,0.0,0.0,false,false,true
32677,80852252,12323682,4763,1582,507147.594777,75587.740406,0,0,5.890992374584693E-5,1.2837072556724525E-4,1.179101879694679,0,0,,0,0,,0.0,0.0,0.0,false,false,true
33704,451206,28348,1110,107,4271.550325,260.04821,0,0,0.0024600736692331217,0.0037745167207563143,0.534310442797814,0,0,,0,0,,0.0,0.0,0.0,false,false,true
37844,214946,433431,49,359,2171.105421,3899.266657,37008.38,282720.85,2.279642328770947E-4,8.282748580512239E-4,2.633354441605681,17.045869649,72.506159458,3.253591102,755.273061224,787.523259053,0.04270005,0.0,0.0,0.0,false,false,true
39227,455875,19621,350,24,4240.785707,177.789594,0,0,7.677543186180423E-4,0.0012231792467254472,0.5931909688598949,0,0,,0,0,,0.0,0.0,0.0,false,false,true
39179,37058,355845,29,61,280.623222,1660.240245,0,0,7.825570726968536E-4,1.7142295100394835E-4,-0.7809451131619201,0,0,,0,0,,0.0,0.0,0.0,false,false,true
40166,114766,17358,11,73,1128.327217,159.093799,0,0,9.584720213303591E-5,0.00420555363521143,42.87768804533409,0,0,,0,0,,0.0,0.0,0.0,false,false,true
37854,3423867,276710,7489,2022,31459.786032,2545.535803,1181960.95,307399.58,0.0021872929059452368,0.007307289219760761,2.3407913498457225,37.570533658,120.760265732,2.214228119,157.826271865,152.027487636,-0.036741565,0.0,0.0,0.0,false,false,true
40473,42691,11183,0,0,314.463865,57.440532,0,0,0.0,0.0,,0,0,,,,,0.0,0.0,0.0,false,false,true
45906,316690,174390,0,13,2871.218411,1578.153952,0,0,0.0,7.454555880497735E-5,,0,0,,,0,,0.0,0.0,0.0,false,false,true
37911,150046,58638,1,8,1373.588831,549.805714,0,0,6.6646228489929754E-6,1.3643030116988983E-4,19.47082096933729,0,0,,0,0,,0.0,0.0,0.0,false,false,true
38797,306468,47216,4,0,2263.034798,328.160047,0,0,1.3051933643969354E-5,0.0,-1.0,0,0,,0,,,0.0,0.0,0.0,false,false,true
40549,215829,120183,3,262,1989.593706,1042.022473,0,0,1.3899892970824124E-5,0.002180008819883012,155.83637452884352,0,0,,0,0,,0.0,0.0,0.0,false,false,true
39707,6665263,2423340,5313,1535,49589.082051,21353.935084,0,0,7.971178331597718E-4,6.334232918203802E-4,-0.2053580217751586,0,0,,0,0,,0.0,0.0,0.0,false,false,true
37740,11781012,22321,39897,145,86883.646694,158.3174,3135979.11,11405.52,0.0033865511723441075,0.006496124725594732,0.9182124807812178,36.094008819,72.042112869,0.995957646,78.601877585,78.658758621,0.00072366,0.0,0.0,0.0,false,false,true
37817,622077,56785,634,270,5995.314591,524.580521,0,0,0.001019166437595346,0.004754776789645153,3.665358487337677,0,0,,0,0,,0.0,0.0,0.0,false,false,true
40050,33260,9565,0,0,277.307493,47.598685,0,0,0.0,0.0,,0,0,,,,,0.0,0.0,0.0,false,false,true
46025,2221284,952928,4,19,20284.689564,8735.80019,0,0,1.8007602809906341E-6,1.9938547298431782E-5,10.072294024312436,0,0,,0,0,,0.0,0.0,0.0,false,false,true
34834,10641125,4233807,61658,29585,73355.206799,29288.209595,1951283.62,977674.05,0.00579431216154307,0.006987800813782962,0.20597589825434204,26.600478755,33.381147688,0.254907778,31.646884751,33.046275139,0.044218899,0.0,0.0,0.0,false,false,true
45213,265507,111496,107,130,2368.380019,776.154076,15040.37,15745.75,4.0300255737136875E-4,0.001165961110712492,1.8931853889901085,6.350488469,20.286886956,2.19453961,140.564205607,121.121153846,-0.1383215,0.0,0.0,0.0,false,false,true
37872,1357162,1808748,581,797,13130.358125,15760.286446,9218.24,13775.49,4.2809922470567256E-4,4.4063628543058515E-4,0.029285408618836106,0.702055489,0.874063428,0.245006188,15.86616179,17.284178168,0.089373624,0.0,0.0,0.0,false,false,true
39284,2622356,1024581,37,8,18071.976578,6571.712678,0,0,1.4109449670449015E-5,7.808069835376608E-6,-0.44660705996705785,0,0,,0,0,,0.0,0.0,0.0,false,false,true
34365,569620,732852,617,1158,4619.199264,5312.502037,3058.96,28534.95,0.0010831782591903373,0.001580128047682206,0.4587885551389599,0.662227331,5.371282646,7.110934712,4.957795786,24.641580311,3.970269324,0.0,0.0,0.0,false,false,true
30480,3080378,1200551,211,113,22597.82824,9262.574442,237360.54,99910.12,6.84980869230984E-5,9.412344831664794E-5,0.3741033150651154,10.503688119,10.786430989,0.026918437,1124.931469194,884.160353982,-0.214031807,0.0,0.0,0.0,false,false,true
42471,35367,6249,0,0,276.613619,31.915307,0,0,0.0,0.0,,0,0,,,,,0.0,0.0,0.0,false,false,true
41835,313101,14616,9,0,2982.312911,129.794155,0,0,2.874471815803846E-5,0.0,-1.0,0,0,,0,,,0.0,0.0,0.0,false,false,true
37639,199141,56600,167,82,1574.850039,299.55206,0,0,8.386017947082721E-4,0.0014487632508833922,0.7275937876896383,0,0,,0,0,,0.0,0.0,0.0,false,false,true
40634,130708,30584,0,0,944.163787,171.342188,0,0,0.0,0.0,,0,0,,,,,0.0,0.0,0.0,false,false,true
45724,159938,78587,1,1,1495.402759,710.848831,10,35,6.2524228138403635E-6,1.2724750913000878E-5,1.0351712115235343,0.006687162,0.04923691,6.362900734,10,35,2.5,0.0,0.0,0.0,false,false,true
32771,13991038,11247755,131270,108844,82517.358231,48819.490446,10762840.58,8047070.62,0.009382434669965158,0.009676953312016488,0.031390428221593325,130.431230601,164.833154678,0.263755267,81.990101166,73.93214711,-0.098279596,0.0,0.0,0.0,false,false,true
38175,136151,18799,33,15,1240.328815,164.780934,3343.1,1365.26,2.4237794801360254E-4,7.979147827012075E-4,2.2920271387743063,2.695333656,8.285303201,2.073943436,101.306060606,91.017333333,-0.101560827,0.0,0.0,0.0,false,false,true
37803,219982,62438,0,0,2045.340293,555.331063,0,0,0.0,0.0,,0,0,,,,,0.0,0.0,0.0,false,false,true
39175,1999826,722254,7,0,19576.568575,6611.720334,0,0,3.500304526493805E-6,0.0,-1.0,0,0,,0,,,0.0,0.0,0.0,false,false,true
46310,96087,46256,7,9,912.099783,414.369072,15910.2,18247.97,7.285064576893856E-5,1.9456935316499482E-4,1.6707979196521228,17.443486224,44.037963335,1.524607912,2272.885714286,2027.552222222,-0.107939212,0.0,0.0,0.0,false,false,true
33510,1719097,528298,781,364,11126.399409,2522.834889,64454.3,40757.93,4.543082792884869E-4,6.890050691087228E-4,0.5166024933285505,5.792916255,16.155607399,1.78885568,82.527912932,111.972335165,0.356781375,0.0,0.0,0.0,false,false,true
37285,2768099,2259216,911,1526,20652.025267,15580.422442,135720.97,245042.51,3.291067263128956E-4,6.754555562637659E-4,1.0523906145314754,6.571799533,15.727590886,1.39319395,148.980208562,160.578315858,0.077849987,0.0,0.0,0.0,false,false,true
40251,162630,24864,5,1,1622.383311,233.08066,0,0,3.0744635061181826E-5,4.021879021879022E-5,0.3081563706563706,0,0,,0,0,,0.0,0.0,0.0,false,false,true
40852,500661,59393,221,53,4632.252416,548.347535,0,0,4.4141644745646254E-4,8.923610526493021E-4,1.0215854162011415,0,0,,0,0,,0.0,0.0,0.0,false,false,true
40277,82628,26162,0,0,638.976312,142.542284,0,0,0.0,0.0,,0,0,,,,,0.0,0.0,0.0,false,false,true
44054,1571701,4927398,915,5592,15079.480691,57123.928892,0,232.3,5.821717998525165E-4,0.0011348788955144278,0.9493883005015535,0,0.004066597,,0,0.041541488,,0.0,0.0,0.0,false,false,true
45780,137151,57868,2,1,1296.713436,516.379357,0,0,1.4582467499325561E-5,1.7280707817792216E-5,0.18503317895901006,0,0,,0,0,,0.0,0.0,0.0,false,false,true
43735,298034,62150,10,11,2894.095061,505.61412,38448.62,37309.9,3.355321876027567E-5,1.7699115044247788E-4,4.274938053097346,13.285195956,73.791254089,4.554397115,3844.862,3391.809090909,-0.117833334,0.0,0.0,0.0,false,false,true
44486,77373,12536,0,0,747.233091,115.537581,0,0,0.0,0.0,,0,0,,,,,0.0,0.0,0.0,false,false,true
39823,37578,9527,0,0,267.085076,47.634741,0,0,0.0,0.0,,0,0,,,,,0.0,0.0,0.0,false,false,true
34868,532009,671034,0,0,3950.126544,6043.708422,0,0,0.0,0.0,,0,0,,,,,0.0,0.0,0.0,false,false,true
38080,770893,101039,15,0,7320.934864,934.260003,565.65,0,1.945795330869524E-5,0.0,-1.0,0.077264722,0,-1,37.71,,,0.0,0.0,0.0,false,false,true
43528,237392,166605,0,66,2261.852789,1529.277336,0,5416.22,0.0,3.96146574232466E-4,,0,3.541685914,,,82.063939394,,0.0,0.0,0.0,false,false,true
39341,5505183,1102751,202,851,52138.859748,10438.262358,33263.17,140655.52,3.6692694865910905E-5,7.717063960948574E-4,20.03160857808255,0.637972717,13.474993747,20.121583083,164.669158416,165.282632197,0.003725493,0.0,0.0,0.0,false,false,true
40000,33014,9205,0,0,277.833714,47.484928,0,0,0.0,0.0,,0,0,,,,,0.0,0.0,0.0,false,false,true
46092,80712,75002,0,0,744.410282,685.782689,0,0,0.0,0.0,,0,0,,,,,0.0,0.0,0.0,false,false,true
35788,1448556,318297,3274,2373,13113.73692,2905.943127,941798.91,590205.95,0.0022601818638699504,0.007455301180972488,2.2985403963056763,71.81773706,203.103063001,1.828034846,287.660021381,248.717214496,-0.135377891,0.0,0.0,0.0,false,false,true
38133,158075,20241,4,1,1484.100052,190.603475,0,0,2.530444409299383E-5,4.940467368213033E-5,0.9524109480756879,0,0,,0,0,,0.0,0.0,0.0,false,false,true
40720,295221,52962,11,12,2884.536204,467.354367,4298.06,2773.47,3.726022200317728E-5,2.2657754616517504E-4,5.080949977857195,1.490035034,5.934404803,2.982728371,390.732727273,231.1225,-0.408489528,0.0,0.0,0.0,false,false,true
46486,82219,117797,0,0,798.445559,1088.630644,0,0,0.0,0.0,,0,0,,,,,0.0,0.0,0.0,false,false,true
34421,682087,613338,220,267,3977.257228,3177.6504,145219.28,106419.65,3.2253950009309665E-4,4.3532277471801845E-4,0.3496727519958591,36.512418402,33.490043461,-0.08277663,660.087636364,398.575468165,-0.396177952,0.0,0.0,0.0,false,false,true
39160,189482,8340,5,2,1346.822828,47.3538,0,0,2.63877307607055E-5,2.3980815347721823E-4,8.087865707434053,0,0,,0,0,,0.0,0.0,0.0,false,false,true
45578,403893,212852,4,1,2918.338025,1920.198093,0,0,9.90361308564397E-6,4.698100088324282E-6,-0.5256175652566102,0,0,,0,0,,0.0,0.0,0.0,false,false,true
41675,543308,484862,6,3,3744.134836,2935.022009,0,0,1.1043459695053266E-5,6.18732752824515E-6,-0.439729242547364,0,0,,0,0,,0.0,0.0,0.0,false,false,true
44297,182047,28869,21,13,1720.674458,277.830152,0,0,1.1535482595153998E-4,4.503100211299318E-4,2.9036946865066997,0,0,,0,0,,0.0,0.0,0.0,false,false,true
37533,742874,2033179,9,12,6167.212015,16890.83365,11786.39,19831.24,1.2115109695587678E-5,5.902087322365616E-6,-0.5128325313872184,1.911137475,1.174082962,-0.385662739,1309.598888889,1652.603333333,0.26191565,0.0,0.0,0.0,false,false,true
42772,61665,10552,5,2,582.360612,94.515355,0,0,8.108327252087895E-5,1.8953752843062926E-4,1.3375663381349505,0,0,,0,0,,0.0,0.0,0.0,false,false,true
35461,3805351,1875719,1411,806,36391.647508,17111.446171,0,0,3.7079365346324165E-4,4.297018903151272E-4,0.15887067187282744,0,0,,0,0,,0.0,0.0,0.0,false,false,true
42192,119794,20212,0,0,1143.208799,182.379578,0,0,0.0,0.0,,0,0,,,,,0.0,0.0,0.0,false,false,true
41018,655326,54537,0,0,5788.756804,480.34994,0,0,0.0,0.0,,0,0,,,,,0.0,0.0,0.0,false,false,true
41093,84844,7205,2,2,781.539385,58.157548,0,0,2.3572674555655085E-5,2.775850104094379E-4,10.775711311589175,0,0,,0,0,,0.0,0.0,0.0,false,false,true
46327,71748,106325,34,446,661.023833,1008.546827,4453.23,57419.22,4.7388080503986174E-4,0.00419468610392664,7.85177466425084,6.736867534,56.932626689,7.450904876,130.977352941,128.74264574,-0.017061783,0.0,0.0,0.0,false,false,true
43284,323380,133622,7,1,1987.725187,783.181839,0,0,2.1646360319129198E-5,7.483797578243104E-6,-0.6542699341639635,0,0,,0,0,,0.0,0.0,0.0,false,false,true
38950,1314518,198594,2716,1044,12499.600248,1764.752155,353915.48,152147.4,0.0020661565684151908,0.005256956403516723,1.544316574977171,28.314143891,86.214599353,2.044930466,130.307614138,145.735057471,0.118392493,0.0,0.0,0.0,false,false,true
36678,2551479,1444695,91,220,25276.814725,13351.477962,6155.64,13318.91,3.5665588468492195E-5,1.5228127736304203E-4,3.26969759653821,0.243529102,0.997560722,3.096269045,67.644395604,60.5405,-0.105018243,0.0,0.0,0.0,false,false,true
46408,370201,3146214,27,133,3601.546771,29078.572278,1690.75,18065.48,7.29333524220626E-5,4.227303037873457E-5,-0.4203882178060031,0.469451074,0.62126434,0.323384639,62.62037037,135.830676692,1.169113276,0.0,0.0,0.0,false,false,true
38822,433738,283303,0,0,4155.069619,1759.271063,0,0,0.0,0.0,,0,0,,,,,0.0,0.0,0.0,false,false,true
39987,33234,18095,0,0,279.547186,107.327951,0,0,0.0,0.0,,0,0,,,,,0.0,0.0,0.0,false,false,true
45191,350658,58601,3,3,3467.119704,547.108381,0,0,8.55534452372397E-6,5.119366563710517E-5,4.9838228016586745,0,0,,0,0,,0.0,0.0,0.0,false,false,true
40671,78397,43422,2,0,735.133515,398.381413,0,0,2.551118027475541E-5,0.0,-1.0,0,0,,0,,,0.0,0.0,0.0,false,false,true
47093,72891,19158,0,0,686.410963,178.834757,0,0,0.0,0.0,,0,0,,,,,0.0,0.0,0.0,false,false,true
44551,61916,43577,0,4,492.19826,244.657497,0,0,0.0,9.179154140945912E-5,,0,0,,,0,,0.0,0.0,0.0,false,false,true
44043,182377,16577,1,0,1713.786046,153.59422,0,0,5.4831475460173154E-6,0.0,-1.0,0,0,,0,,,0.0,0.0,0.0,false,false,true
42775,6465976,466215,63,2,41894.698719,2910.512047,0,0,9.743308666781318E-6,4.289866263419238E-6,-0.55971155075431,0,0,,0,0,,0.0,0.0,0.0,false,false,true
40560,526475,89806,13,7,4925.2715,829.013852,0,0,2.469253050952087E-5,7.794579426764359E-5,2.1566547720813585,0,0,,0,0,,0.0,0.0,0.0,false,false,true
43871,795997,235703,78,15,7431.986024,2075.980521,0,0,9.799031905899143E-5,6.363941061420516E-5,-0.35055410345287863,0,0,,0,0,,0.0,0.0,0.0,false,false,true
38332,504157,148407,38,9,4483.468137,1354.141417,0,0,7.537334600134482E-5,6.064403970163132E-5,-0.1954179704248593,0,0,,0,0,,0.0,0.0,0.0,false,false,true
36315,3851461,308034,1074,222,34335.180027,2781.811562,434309.61,132221.56,2.7885521883773455E-4,7.206996630242116E-4,1.5844940827289506,12.649114106,47.530739251,2.757633843,404.385111732,595.592612613,0.472835165,0.0,0.0,0.0,false,false,true
31330,4016238,2252720,1173,1203,40068.76675,20688.010697,32390.06,33851.04,2.9206436471145383E-4,5.340210944990944E-4,0.8284363278165849,0.80836179,1.636263655,1.024172438,27.613009378,28.138852868,0.019043324,0.0,0.0,0.0,false,false,true
40150,131944,25705,56,17,819.479207,120.096487,0,0,4.244224822652034E-4,6.6134993191986E-4,0.5582349181648929,0,0,,0,0,,0.0,0.0,0.0,false,false,true
39337,120431,52212,0,0,1112.879891,486.215472,0,0,0.0,0.0,,0,0,,,,,0.0,0.0,0.0,false,false,true
31966,4532189,23945892,5412,9456,24867.316424,150777.740014,2289285.83,3378433.84,0.0011941249581603945,3.9489028013656787E-4,-0.669305730997437,92.060027345,22.406714941,-0.756607557,423.001816334,357.279382403,-0.155371517,0.0,0.0,0.0,false,false,true
42793,19545,7548,1,9,176.565878,69.483705,294,810.3,5.1163980557687386E-5,0.0011923688394276629,22.304848966613672,1.665100887,11.661727019,6.003615883,294,90.033333333,-0.693764172,0.0,0.0,0.0,false,false,true
40227,1106899,79404,13379,1158,10800.848299,731.168924,2484170.17,259952.48,0.012086920306188732,0.014583648178933052,0.20656443572859073,229.997691036,355.529989674,0.545798082,185.676819643,224.484006908,0.209003942,0.0,0.0,0.0,false,false,true
45895,119780,9963,0,0,1139.874847,92.961719,0,0,0.0,0.0,,0,0,,,,,0.0,0.0,0.0,false,false,true
44042,178862,89571,25,36,1359.91913,838.641226,7521.2,4203.2,1.3977256208697208E-4,4.019157986401849E-4,1.87549854305523,5.530622986,5.011916741,-0.093788032,300.848,116.755555556,-0.611911811,0.0,0.0,0.0,false,false,true
39503,791014,312460,9,6,5050.449433,1950.252157,0,0,1.1377801151433476E-5,1.920245791461307E-5,0.6877125605410828,0,0,,0,0,,0.0,0.0,0.0,false,false,true
37960,200566,57233,31,19,1257.467716,259.431371,0,0,1.5456258787631004E-4,3.3197630737511575E-4,1.1478438730644345,0,0,,0,0,,0.0,0.0,0.0,false,false,true
37089,440431,70771,34,6,4026.171073,647.063205,0,0,7.719710919531096E-5,8.478048918342258E-5,0.09823398916305859,0,0,,0,0,,0.0,0.0,0.0,false,false,true
33792,2487579,381735,3110,1862,14704.554097,1894.153578,249016.15,78828.9,0.0012502115510703378,0.004877729314838828,2.901523154751594,16.934627759,41.616952773,1.457506204,80.069501608,42.335606874,-0.471264264,0.011270797831948252,0.0,-0.011270797831948252,false,false,true
36581,1136165,249148,1522,448,8475.061681,1522.71306,0,0,0.001339594161059353,0.001798128020293159,0.34229311575320454,0,0,,0,0,,0.02592933244731179,0.0,-0.02592933244731179,false,false,true
34543,1503765,458136,1559,581,9433.563181,2174.706568,264519.6,106993.49,0.0010367311381765103,0.0012681823737929348,0.22325097326923204,28.040263782,49.199046701,0.75458573,169.672610648,184.154027539,0.085349172,0.3310703467629583,0.18372492011105873,-0.1473454266518996,false,true,false
41057,23851093,1979985,7272,2772,170565.066949,11902.274679,1821000.28,584429.76,3.0489168777296706E-4,0.0014000106061409557,3.591829368544321,10.67627922,49.102358647,3.599201429,250.412579758,210.833246753,-0.158056488,0.5886735672868325,0.40140708136677805,-0.18726648592005446,false,true,false
35457,17466566,7490022,13535,7542,112001.4526,46933.293298,1110261.97,660000.35,7.74909046231526E-4,0.0010069396324870609,0.2994294457961575,9.912924736,14.062519453,0.418604481,82.028959734,87.509990719,0.066818243,0.19180095274594902,0.0,-0.19180095274594902,false,false,true
40341,10685009,7796841,839,2642,104191.466691,71186.849923,317267.96,888770.8,7.85212253915743E-5,3.388551850679012E-4,3.3154597165043986,3.04504745,12.485041844,3.100114054,378.150131108,336.400757002,-0.11040423,0.5547457189788048,0.0,-0.5547457189788048,false,false,true
33247,1230804,156171,1540,1451,8601.414436,855.798126,143572.77,137538.03,0.0012512146531860474,0.00929109757893591,6.425662379574438,16.691762857,160.713170339,8.628292213,93.229071429,94.788442453,0.016726231,0.6922401942145134,0.0,-0.6922401942145134,false,false,true
34404,150842,57091,45,40,1075.872696,289.800165,2976.91,1975.15,2.983254000875088E-4,7.006358270130143E-4,1.3485624315177134,2.766972348,6.815558576,1.463182757,66.153555556,49.37875,-0.253573756,0.6982339136314819,0.0,-0.6982339136314819,false,false,true
38059,4789665,1177400,1175,929,43279.066385,10498.094386,41407.55,33562.45,2.4531987101394356E-4,7.890266689315441E-4,2.2163178044663865,0.956757007,3.197004024,2.341500507,35.240468085,36.127502691,0.025170909,0.771882584690161,0.0,-0.771882584690161,false,false,true
38438,544126,30575,154,0,4129.256658,274.330647,0,0,2.8302268224639145E-4,0.0,-1.0,0,0,,0,,,0.802663353708516,0.0,-0.802663353708516,false,false,true
